{"nm":"3 - Wishlist","ddd":0,"h":500,"w":500,"meta":{"g":"LottieFiles AE 0.1.21"},"layers":[{"ty":4,"nm":"Star","sr":1,"st":0,"op":150,"ip":95,"hd":false,"ddd":0,"bm":0,"hasMask":false,"ao":0,"ks":{"a":{"a":0,"k":[104,37.056,0],"ix":1},"s":{"a":1,"k":[{"o":{"x":0.7,"y":0},"i":{"x":0.3,"y":1},"s":[0,0,100],"t":99},{"o":{"x":0.7,"y":0},"i":{"x":0.3,"y":1},"s":[100,100,100],"t":114},{"s":[0,0,100],"t":129}],"ix":6},"sk":{"a":0,"k":0},"p":{"a":0,"k":[355,286,0],"ix":2},"r":{"a":0,"k":0,"ix":10},"sa":{"a":0,"k":0},"o":{"a":0,"k":100,"ix":11}},"ef":[],"shapes":[{"ty":"gr","bm":0,"hd":false,"mn":"ADBE Vector Group","nm":"Polystar 1","ix":1,"cix":2,"np":3,"it":[{"ty":"sr","bm":0,"hd":false,"mn":"ADBE Vector Shape - Star","nm":"Polystar Path 1","ix":1,"d":1,"ir":{"a":0,"k":31.121,"ix":6},"is":{"a":0,"k":0,"ix":8},"pt":{"a":0,"k":5,"ix":3},"p":{"a":0,"k":[0,0],"ix":4},"or":{"a":0,"k":62.241,"ix":7},"os":{"a":0,"k":0,"ix":9},"r":{"a":0,"k":0,"ix":5},"sy":1},{"ty":"fl","bm":0,"hd":false,"mn":"ADBE Vector Graphic - Fill","nm":"Fill 1","c":{"a":0,"k":[1,0.9333,0.9294],"ix":4,"x":"var $bm_rt;\ntry {\n    $bm_rt = thisComp.layer('Controller').effect('Color 2')('ADBE Color Control-0001');\n} catch (e) {\n    $bm_rt = value;\n}"},"r":1,"o":{"a":0,"k":100,"ix":5}},{"ty":"tr","a":{"a":0,"k":[0,0],"ix":1},"s":{"a":0,"k":[100,100],"ix":3},"sk":{"a":0,"k":0,"ix":4},"p":{"a":0,"k":[104,43],"ix":2},"r":{"a":0,"k":0,"ix":6},"sa":{"a":0,"k":0,"ix":5},"o":{"a":0,"k":100,"ix":7}}]}],"ind":1},{"ty":4,"nm":"Ellipse","sr":1,"st":0,"op":150,"ip":95,"hd":false,"ddd":0,"bm":0,"hasMask":false,"ao":0,"ks":{"a":{"a":0,"k":[104.388,44.548,0],"ix":1},"s":{"a":1,"k":[{"o":{"x":0.7,"y":0},"i":{"x":0.3,"y":1},"s":[0,0,100],"t":95},{"o":{"x":0.7,"y":0},"i":{"x":0.3,"y":1},"s":[120,120,100],"t":110},{"s":[0,0,100],"t":125}],"ix":6},"sk":{"a":0,"k":0},"p":{"a":0,"k":[355,290,0],"ix":2},"r":{"a":0,"k":0,"ix":10},"sa":{"a":0,"k":0},"o":{"a":0,"k":100,"ix":11}},"ef":[],"shapes":[{"ty":"gr","bm":0,"hd":false,"mn":"ADBE Vector Group","nm":"Ellipse 1","ix":1,"cix":2,"np":3,"it":[{"ty":"el","bm":0,"hd":false,"mn":"ADBE Vector Shape - Ellipse","nm":"Ellipse Path 1","d":1,"p":{"a":0,"k":[0,0],"ix":3},"s":{"a":0,"k":[160,160],"ix":2}},{"ty":"fl","bm":0,"hd":false,"mn":"ADBE Vector Graphic - Fill","nm":"Fill 1","c":{"a":0,"k":[0.6,0.7373,0.7294],"ix":4,"x":"var $bm_rt;\ntry {\n    $bm_rt = thisComp.layer('Controller').effect('Color 4')('ADBE Color Control-0001');\n} catch (e) {\n    $bm_rt = value;\n}"},"r":1,"o":{"a":0,"k":100,"ix":5}},{"ty":"tr","a":{"a":0,"k":[0,0],"ix":1},"s":{"a":0,"k":[100,100],"ix":3},"sk":{"a":0,"k":0,"ix":4},"p":{"a":0,"k":[104.388,44.548],"ix":2},"r":{"a":0,"k":0,"ix":6},"sa":{"a":0,"k":0,"ix":5},"o":{"a":0,"k":100,"ix":7}}]}],"ind":2},{"ty":4,"nm":"Ribbons","sr":1,"st":0,"op":110,"ip":50,"hd":false,"ddd":0,"bm":0,"hasMask":false,"ao":0,"ks":{"a":{"a":0,"k":[360.112,423.273,0],"ix":1},"s":{"a":0,"k":[100,100,100],"ix":6},"sk":{"a":0,"k":0},"p":{"a":0,"k":[358,423.093,0],"ix":2},"r":{"a":0,"k":0,"ix":10},"sa":{"a":0,"k":0},"o":{"a":0,"k":100,"ix":11}},"ef":[],"shapes":[{"ty":"gr","bm":0,"hd":false,"mn":"ADBE Vector Group","nm":"1","ix":1,"cix":2,"np":1,"it":[{"ty":"gr","bm":0,"hd":false,"mn":"ADBE Vector Group","nm":"Group 1","ix":1,"cix":2,"np":2,"it":[{"ty":"sh","bm":0,"hd":false,"mn":"ADBE Vector Shape - Group","nm":"Path 1","ix":1,"d":1,"ks":{"a":0,"k":{"c":true,"i":[[0,-12.58],[0,0],[0,0],[0,12.58],[-12.58,0]],"o":[[0,0],[0,0],[-12.58,0],[0,-12.58],[12.58,0]],"v":[[22.778,0],[22.778,22.778],[0,22.778],[-22.778,0],[0,-22.778]]},"ix":2}},{"ty":"st","bm":0,"hd":false,"mn":"ADBE Vector Graphic - Stroke","nm":"Stroke 1","lc":2,"lj":2,"ml":1,"o":{"a":0,"k":100,"ix":4},"w":{"a":0,"k":18,"ix":5},"c":{"a":0,"k":[0.2902,0.6471,0.8118],"ix":3,"x":"var $bm_rt;\ntry {\n    $bm_rt = thisComp.layer('Controller').effect('Color 5')('ADBE Color Control-0001');\n} catch (e) {\n    $bm_rt = value;\n}"}},{"ty":"tr","a":{"a":0,"k":[0,0],"ix":1},"s":{"a":0,"k":[100,100],"ix":3},"sk":{"a":0,"k":0,"ix":4},"p":{"a":0,"k":[67.778,67.778],"ix":2},"r":{"a":0,"k":0,"ix":6},"sa":{"a":0,"k":0,"ix":5},"o":{"a":0,"k":100,"ix":7}}]},{"ty":"tr","a":{"a":0,"k":[67.778,67.778],"ix":1},"s":{"a":0,"k":[100,100],"ix":3},"sk":{"a":0,"k":0,"ix":4},"p":{"a":0,"k":[329.118,254.298],"ix":2},"r":{"a":0,"k":0,"ix":6},"sa":{"a":0,"k":0,"ix":5},"o":{"a":0,"k":100,"ix":7}}]},{"ty":"gr","bm":0,"hd":false,"mn":"ADBE Vector Group","nm":"2","ix":2,"cix":2,"np":1,"it":[{"ty":"gr","bm":0,"hd":false,"mn":"ADBE Vector Group","nm":"Group 1","ix":1,"cix":2,"np":2,"it":[{"ty":"sh","bm":0,"hd":false,"mn":"ADBE Vector Shape - Group","nm":"Path 1","ix":1,"d":1,"ks":{"a":0,"k":{"c":true,"i":[[17.118,0],[0,0],[0,0],[-17.118,0],[0,-17.118]],"o":[[0,0],[0,0],[0,-17.118],[17.118,0],[0,17.118]],"v":[[0,30.994],[-30.994,30.994],[-30.994,0],[0,-30.994],[30.994,0]]},"ix":2}},{"ty":"st","bm":0,"hd":false,"mn":"ADBE Vector Graphic - Stroke","nm":"Stroke 1","lc":2,"lj":2,"ml":1,"o":{"a":0,"k":100,"ix":4},"w":{"a":0,"k":18,"ix":5},"c":{"a":0,"k":[0.2902,0.6471,0.8118],"ix":3,"x":"var $bm_rt;\ntry {\n    $bm_rt = thisComp.layer('Controller')('Effects')('Color 5')('ADBE Color Control-0001');\n} catch (e) {\n    $bm_rt = value;\n}"}},{"ty":"tr","a":{"a":0,"k":[0,0],"ix":1},"s":{"a":0,"k":[100,100],"ix":3},"sk":{"a":0,"k":0,"ix":4},"p":{"a":0,"k":[75.994,75.994],"ix":2},"r":{"a":0,"k":0,"ix":6},"sa":{"a":0,"k":0,"ix":5},"o":{"a":0,"k":100,"ix":7}}]},{"ty":"tr","a":{"a":0,"k":[75.994,75.994],"ix":1},"s":{"a":0,"k":[100,100],"ix":3},"sk":{"a":0,"k":0,"ix":4},"p":{"a":0,"k":[382.89,246.082],"ix":2},"r":{"a":0,"k":0,"ix":6},"sa":{"a":0,"k":0,"ix":5},"o":{"a":0,"k":100,"ix":7}}]},{"ty":"gr","bm":0,"hd":false,"mn":"ADBE Vector Group","nm":"Line","ix":3,"cix":2,"np":1,"it":[{"ty":"gr","bm":0,"hd":false,"mn":"ADBE Vector Group","nm":"Group 1","ix":1,"cix":2,"np":2,"it":[{"ty":"sh","bm":0,"hd":false,"mn":"ADBE Vector Shape - Group","nm":"Path 1","ix":1,"d":1,"ks":{"a":0,"k":{"c":false,"i":[[0,0],[0,0]],"o":[[0,0],[0,0]],"v":[[9,9],[9,155.197]]},"ix":2}},{"ty":"st","bm":0,"hd":false,"mn":"ADBE Vector Graphic - Stroke","nm":"Stroke 1","lc":1,"lj":2,"ml":1,"o":{"a":0,"k":100,"ix":4},"w":{"a":0,"k":18,"ix":5},"c":{"a":0,"k":[0.2902,0.6471,0.8118],"ix":3,"x":"var $bm_rt;\ntry {\n    $bm_rt = thisComp.layer('Controller')('Effects')('Color 5')('ADBE Color Control-0001');\n} catch (e) {\n    $bm_rt = value;\n}"}},{"ty":"tr","a":{"a":0,"k":[0,0],"ix":1},"s":{"a":0,"k":[100,100],"ix":3},"sk":{"a":0,"k":0,"ix":4},"p":{"a":0,"k":[0,0],"ix":2},"r":{"a":0,"k":0,"ix":6},"sa":{"a":0,"k":0,"ix":5},"o":{"a":0,"k":100,"ix":7}}]},{"ty":"tr","a":{"a":0,"k":[9,82.099],"ix":1},"s":{"a":0,"k":[100,100],"ix":3},"sk":{"a":0,"k":0,"ix":4},"p":{"a":0,"k":[351.896,350.174],"ix":2},"r":{"a":0,"k":0,"ix":6},"sa":{"a":0,"k":0,"ix":5},"o":{"a":0,"k":100,"ix":7}}]}],"ind":3,"parent":4},{"ty":4,"nm":"Box","sr":1,"st":0,"op":110,"ip":50,"hd":false,"ddd":0,"bm":0,"hasMask":false,"ao":0,"ks":{"a":{"a":0,"k":[350,350,0],"ix":1},"s":{"a":1,"k":[{"o":{"x":0.7,"y":0},"i":{"x":0.3,"y":1},"s":[0,0,100],"t":50},{"o":{"x":0.7,"y":0},"i":{"x":0.3,"y":1},"s":[125,125,100],"t":65},{"o":{"x":0.7,"y":0},"i":{"x":0.3,"y":1},"s":[100,100,100],"t":80},{"o":{"x":0.7,"y":0},"i":{"x":0.3,"y":1},"s":[100,100,100],"t":95},{"s":[0,0,100],"t":110}],"ix":6},"sk":{"a":0,"k":0},"p":{"a":0,"k":[355,308,0],"ix":2},"r":{"a":1,"k":[{"o":{"x":0.7,"y":0},"i":{"x":0.3,"y":1},"s":[0],"t":75},{"o":{"x":0.7,"y":0},"i":{"x":0.3,"y":1},"s":[10],"t":80},{"o":{"x":0.7,"y":0},"i":{"x":0.3,"y":1},"s":[-10],"t":85},{"o":{"x":0.7,"y":0},"i":{"x":0.3,"y":1},"s":[10],"t":90},{"o":{"x":0.7,"y":0},"i":{"x":0.3,"y":1},"s":[-10],"t":95},{"s":[0],"t":100}],"ix":10},"sa":{"a":0,"k":0},"o":{"a":0,"k":100,"ix":11}},"ef":[],"shapes":[{"ty":"gr","bm":0,"hd":false,"mn":"ADBE Vector Group","nm":"Ribbon","ix":1,"cix":2,"np":1,"it":[{"ty":"gr","bm":0,"hd":false,"mn":"ADBE Vector Group","nm":"Group 1","ix":1,"cix":2,"np":2,"it":[{"ty":"sh","bm":0,"hd":false,"mn":"ADBE Vector Shape - Group","nm":"Path 1","ix":1,"d":1,"ks":{"a":0,"k":{"c":false,"i":[[0,0],[0,0]],"o":[[0,0],[0,0]],"v":[[155.197,9],[9,9]]},"ix":2}},{"ty":"st","bm":0,"hd":false,"mn":"ADBE Vector Graphic - Stroke","nm":"Stroke 1","lc":1,"lj":2,"ml":1,"o":{"a":0,"k":100,"ix":4},"w":{"a":0,"k":18,"ix":5},"c":{"a":0,"k":[0.2902,0.6471,0.8118],"ix":3,"x":"var $bm_rt;\ntry {\n    $bm_rt = thisComp.layer('Controller')('Effects')('Color 5')('ADBE Color Control-0001');\n} catch (e) {\n    $bm_rt = value;\n}"}},{"ty":"tr","a":{"a":0,"k":[0,0],"ix":1},"s":{"a":0,"k":[100,100],"ix":3},"sk":{"a":0,"k":0,"ix":4},"p":{"a":0,"k":[0,0],"ix":2},"r":{"a":0,"k":0,"ix":6},"sa":{"a":0,"k":0,"ix":5},"o":{"a":0,"k":100,"ix":7}}]},{"ty":"tr","a":{"a":0,"k":[82.098,9],"ix":1},"s":{"a":0,"k":[100,100],"ix":3},"sk":{"a":0,"k":0,"ix":4},"p":{"a":0,"k":[350,349.994],"ix":2},"r":{"a":0,"k":0,"ix":6},"sa":{"a":0,"k":0,"ix":5},"o":{"a":0,"k":100,"ix":7}}]},{"ty":"gr","bm":0,"hd":false,"mn":"ADBE Vector Group","nm":"Box","ix":2,"cix":2,"np":1,"it":[{"ty":"gr","bm":0,"hd":false,"mn":"ADBE Vector Group","nm":"Group 1","ix":1,"cix":2,"np":2,"it":[{"ty":"sh","bm":0,"hd":false,"mn":"ADBE Vector Shape - Group","nm":"Path 1","ix":1,"d":1,"ks":{"a":0,"k":{"c":true,"i":[[9.023,0],[0,0],[0,9.023],[0,0],[-9.024,0],[0,0],[0,-9.024],[0,0]],"o":[[0,0],[-9.024,0],[0,0],[0,-9.024],[0,0],[9.023,0],[0,0],[0,9.023]],"v":[[56.698,73.105],[-56.698,73.105],[-73.104,56.699],[-73.104,-56.698],[-56.698,-73.105],[56.698,-73.105],[73.104,-56.698],[73.104,56.699]]},"ix":2}},{"ty":"fl","bm":0,"hd":false,"mn":"ADBE Vector Graphic - Fill","nm":"Fill 1","c":{"a":0,"k":[0.4,0.7686,1],"ix":4,"x":"var $bm_rt;\ntry {\n    $bm_rt = thisComp.layer('Controller').effect('Color 6')('ADBE Color Control-0001');\n} catch (e) {\n    $bm_rt = value;\n}"},"r":1,"o":{"a":0,"k":100,"ix":5}},{"ty":"tr","a":{"a":0,"k":[0,0],"ix":1},"s":{"a":0,"k":[100,100],"ix":3},"sk":{"a":0,"k":0,"ix":4},"p":{"a":0,"k":[73.354,73.354],"ix":2},"r":{"a":0,"k":0,"ix":6},"sa":{"a":0,"k":0,"ix":5},"o":{"a":0,"k":100,"ix":7}}]},{"ty":"tr","a":{"a":0,"k":[73.354,73.354],"ix":1},"s":{"a":0,"k":[100,100],"ix":3},"sk":{"a":0,"k":0,"ix":4},"p":{"a":0,"k":[350,350],"ix":2},"r":{"a":0,"k":0,"ix":6},"sa":{"a":0,"k":0,"ix":5},"o":{"a":0,"k":100,"ix":7}}]}],"ind":4},{"ty":4,"nm":"Ellipses","sr":1,"st":0,"op":150,"ip":0,"hd":false,"ddd":0,"bm":0,"hasMask":false,"ao":0,"ks":{"a":{"a":0,"k":[125,270,0],"ix":1},"s":{"a":0,"k":[100,100,100],"ix":6},"sk":{"a":0,"k":0},"p":{"a":0,"k":[125,270,0],"ix":2},"r":{"a":0,"k":0,"ix":10},"sa":{"a":0,"k":0},"o":{"a":0,"k":100,"ix":11}},"ef":[],"shapes":[{"ty":"gr","bm":0,"hd":false,"mn":"ADBE Vector Group","nm":"e1","ix":1,"cix":2,"np":1,"it":[{"ty":"gr","bm":0,"hd":false,"mn":"ADBE Vector Group","nm":"Group 1","ix":1,"cix":2,"np":2,"it":[{"ty":"sh","bm":0,"hd":false,"mn":"ADBE Vector Shape - Group","nm":"Path 1","ix":1,"d":1,"ks":{"a":0,"k":{"c":true,"i":[[0,-9.665],[9.665,0],[0,9.665],[-9.665,0]],"o":[[0,9.665],[-9.665,0],[0,-9.665],[9.665,0]],"v":[[17.5,0],[0,17.5],[-17.5,0],[0,-17.5]]},"ix":2}},{"ty":"fl","bm":0,"hd":false,"mn":"ADBE Vector Graphic - Fill","nm":"Fill 1","c":{"a":0,"k":[0.5333,0.5255,0.5137],"ix":4,"x":"var $bm_rt;\ntry {\n    $bm_rt = thisComp.layer('Controller').effect('Color 7')('ADBE Color Control-0001');\n} catch (e) {\n    $bm_rt = value;\n}"},"r":1,"o":{"a":0,"k":100,"ix":5}},{"ty":"tr","a":{"a":0,"k":[0,0],"ix":1},"s":{"a":0,"k":[100,100],"ix":3},"sk":{"a":0,"k":0,"ix":4},"p":{"a":0,"k":[17.75,17.75],"ix":2},"r":{"a":0,"k":0,"ix":6},"sa":{"a":0,"k":0,"ix":5},"o":{"a":0,"k":100,"ix":7}}]},{"ty":"tr","a":{"a":0,"k":[17.75,17.75],"ix":1},"s":{"a":1,"k":[{"o":{"x":0.7,"y":0},"i":{"x":0.3,"y":1},"s":[100,100],"t":20},{"o":{"x":0.7,"y":0},"i":{"x":0.3,"y":1},"s":[130,130],"t":35},{"o":{"x":0.7,"y":0},"i":{"x":0.3,"y":1},"s":[70,70],"t":50},{"o":{"x":0.7,"y":0},"i":{"x":0.3,"y":1},"s":[100,100],"t":65},{"o":{"x":0.7,"y":0},"i":{"x":0.3,"y":1},"s":[100,100],"t":90},{"o":{"x":0.7,"y":0},"i":{"x":0.3,"y":1},"s":[130,130],"t":105},{"o":{"x":0.7,"y":0},"i":{"x":0.3,"y":1},"s":[70,70],"t":120},{"s":[100,100],"t":135}],"ix":3},"sk":{"a":0,"k":0,"ix":4},"p":{"a":0,"k":[125,165],"ix":2},"r":{"a":0,"k":0,"ix":6},"sa":{"a":0,"k":0,"ix":5},"o":{"a":0,"k":100,"ix":7}}]},{"ty":"gr","bm":0,"hd":false,"mn":"ADBE Vector Group","nm":"e2","ix":2,"cix":2,"np":1,"it":[{"ty":"gr","bm":0,"hd":false,"mn":"ADBE Vector Group","nm":"Group 1","ix":1,"cix":2,"np":2,"it":[{"ty":"sh","bm":0,"hd":false,"mn":"ADBE Vector Shape - Group","nm":"Path 1","ix":1,"d":1,"ks":{"a":0,"k":{"c":true,"i":[[0,-9.665],[9.665,0],[0,9.665],[-9.665,0]],"o":[[0,9.665],[-9.665,0],[0,-9.665],[9.665,0]],"v":[[17.5,0],[0,17.5],[-17.5,0],[0,-17.5]]},"ix":2}},{"ty":"fl","bm":0,"hd":false,"mn":"ADBE Vector Graphic - Fill","nm":"Fill 1","c":{"a":0,"k":[0.5333,0.5255,0.5137],"ix":4,"x":"var $bm_rt;\ntry {\n    $bm_rt = thisComp.layer('Controller')('Effects')('Color 7')('ADBE Color Control-0001');\n} catch (e) {\n    $bm_rt = value;\n}"},"r":1,"o":{"a":0,"k":100,"ix":5}},{"ty":"tr","a":{"a":0,"k":[0,0],"ix":1},"s":{"a":0,"k":[100,100],"ix":3},"sk":{"a":0,"k":0,"ix":4},"p":{"a":0,"k":[17.75,17.75],"ix":2},"r":{"a":0,"k":0,"ix":6},"sa":{"a":0,"k":0,"ix":5},"o":{"a":0,"k":100,"ix":7}}]},{"ty":"tr","a":{"a":0,"k":[17.75,17.75],"ix":1},"s":{"a":1,"k":[{"o":{"x":0.7,"y":0},"i":{"x":0.3,"y":1},"s":[100,100],"t":25},{"o":{"x":0.7,"y":0},"i":{"x":0.3,"y":1},"s":[130,130],"t":40},{"o":{"x":0.7,"y":0},"i":{"x":0.3,"y":1},"s":[70,70],"t":55},{"o":{"x":0.7,"y":0},"i":{"x":0.3,"y":1},"s":[100,100],"t":70},{"o":{"x":0.7,"y":0},"i":{"x":0.3,"y":1},"s":[100,100],"t":95},{"o":{"x":0.7,"y":0},"i":{"x":0.3,"y":1},"s":[130,130],"t":110},{"o":{"x":0.7,"y":0},"i":{"x":0.3,"y":1},"s":[70,70],"t":125},{"s":[100,100],"t":140}],"ix":3},"sk":{"a":0,"k":0,"ix":4},"p":{"a":0,"k":[125,235],"ix":2},"r":{"a":0,"k":0,"ix":6},"sa":{"a":0,"k":0,"ix":5},"o":{"a":0,"k":100,"ix":7}}]},{"ty":"gr","bm":0,"hd":false,"mn":"ADBE Vector Group","nm":"e3","ix":3,"cix":2,"np":1,"it":[{"ty":"gr","bm":0,"hd":false,"mn":"ADBE Vector Group","nm":"Group 1","ix":1,"cix":2,"np":2,"it":[{"ty":"sh","bm":0,"hd":false,"mn":"ADBE Vector Shape - Group","nm":"Path 1","ix":1,"d":1,"ks":{"a":0,"k":{"c":true,"i":[[0,-9.665],[9.665,0],[0,9.665],[-9.665,0]],"o":[[0,9.665],[-9.665,0],[0,-9.665],[9.665,0]],"v":[[17.5,0],[0,17.5],[-17.5,0],[0,-17.5]]},"ix":2}},{"ty":"fl","bm":0,"hd":false,"mn":"ADBE Vector Graphic - Fill","nm":"Fill 1","c":{"a":0,"k":[0.5333,0.5255,0.5137],"ix":4,"x":"var $bm_rt;\ntry {\n    $bm_rt = thisComp.layer('Controller')('Effects')('Color 7')('ADBE Color Control-0001');\n} catch (e) {\n    $bm_rt = value;\n}"},"r":1,"o":{"a":0,"k":100,"ix":5}},{"ty":"tr","a":{"a":0,"k":[0,0],"ix":1},"s":{"a":0,"k":[100,100],"ix":3},"sk":{"a":0,"k":0,"ix":4},"p":{"a":0,"k":[17.75,17.75],"ix":2},"r":{"a":0,"k":0,"ix":6},"sa":{"a":0,"k":0,"ix":5},"o":{"a":0,"k":100,"ix":7}}]},{"ty":"tr","a":{"a":0,"k":[17.75,17.75],"ix":1},"s":{"a":1,"k":[{"o":{"x":0.7,"y":0},"i":{"x":0.3,"y":1},"s":[100,100],"t":30},{"o":{"x":0.7,"y":0},"i":{"x":0.3,"y":1},"s":[130,130],"t":45},{"o":{"x":0.7,"y":0},"i":{"x":0.3,"y":1},"s":[70,70],"t":60},{"o":{"x":0.7,"y":0},"i":{"x":0.3,"y":1},"s":[100,100],"t":75},{"o":{"x":0.7,"y":0},"i":{"x":0.3,"y":1},"s":[100,100],"t":100},{"o":{"x":0.7,"y":0},"i":{"x":0.3,"y":1},"s":[130,130],"t":115},{"o":{"x":0.7,"y":0},"i":{"x":0.3,"y":1},"s":[70,70],"t":130},{"s":[100,100],"t":145}],"ix":3},"sk":{"a":0,"k":0,"ix":4},"p":{"a":0,"k":[125,305],"ix":2},"r":{"a":0,"k":0,"ix":6},"sa":{"a":0,"k":0,"ix":5},"o":{"a":0,"k":100,"ix":7}}]},{"ty":"gr","bm":0,"hd":false,"mn":"ADBE Vector Group","nm":"e4","ix":4,"cix":2,"np":1,"it":[{"ty":"gr","bm":0,"hd":false,"mn":"ADBE Vector Group","nm":"Group 1","ix":1,"cix":2,"np":2,"it":[{"ty":"sh","bm":0,"hd":false,"mn":"ADBE Vector Shape - Group","nm":"Path 1","ix":1,"d":1,"ks":{"a":0,"k":{"c":true,"i":[[0,-9.665],[9.665,0],[0,9.665],[-9.665,0]],"o":[[0,9.665],[-9.665,0],[0,-9.665],[9.665,0]],"v":[[17.5,0],[0,17.5],[-17.5,0],[0,-17.5]]},"ix":2}},{"ty":"fl","bm":0,"hd":false,"mn":"ADBE Vector Graphic - Fill","nm":"Fill 1","c":{"a":0,"k":[0.5333,0.5255,0.5137],"ix":4,"x":"var $bm_rt;\ntry {\n    $bm_rt = thisComp.layer('Controller')('Effects')('Color 7')('ADBE Color Control-0001');\n} catch (e) {\n    $bm_rt = value;\n}"},"r":1,"o":{"a":0,"k":100,"ix":5}},{"ty":"tr","a":{"a":0,"k":[0,0],"ix":1},"s":{"a":0,"k":[100,100],"ix":3},"sk":{"a":0,"k":0,"ix":4},"p":{"a":0,"k":[17.75,17.75],"ix":2},"r":{"a":0,"k":0,"ix":6},"sa":{"a":0,"k":0,"ix":5},"o":{"a":0,"k":100,"ix":7}}]},{"ty":"tr","a":{"a":0,"k":[17.75,17.75],"ix":1},"s":{"a":1,"k":[{"o":{"x":0.7,"y":0},"i":{"x":0.3,"y":1},"s":[100,100],"t":35},{"o":{"x":0.7,"y":0},"i":{"x":0.3,"y":1},"s":[130,130],"t":50},{"o":{"x":0.7,"y":0},"i":{"x":0.3,"y":1},"s":[70,70],"t":65},{"o":{"x":0.7,"y":0},"i":{"x":0.3,"y":1},"s":[100,100],"t":80},{"o":{"x":0.7,"y":0},"i":{"x":0.3,"y":1},"s":[100,100],"t":105},{"o":{"x":0.7,"y":0},"i":{"x":0.3,"y":1},"s":[130,130],"t":120},{"o":{"x":0.7,"y":0},"i":{"x":0.3,"y":1},"s":[70,70],"t":135},{"s":[100,100],"t":150}],"ix":3},"sk":{"a":0,"k":0,"ix":4},"p":{"a":0,"k":[125,375],"ix":2},"r":{"a":0,"k":0,"ix":6},"sa":{"a":0,"k":0,"ix":5},"o":{"a":0,"k":100,"ix":7}}]}],"ind":5},{"ty":4,"nm":"Ok","sr":1,"st":0,"op":150,"ip":0,"hd":false,"ddd":0,"bm":0,"hasMask":false,"ao":0,"ks":{"a":{"a":0,"k":[80.796,119.247,0],"ix":1},"s":{"a":0,"k":[100,100,100],"ix":6},"sk":{"a":0,"k":0},"p":{"a":0,"k":[99.935,115.306,0],"ix":2},"r":{"a":1,"k":[{"o":{"x":0.7,"y":0},"i":{"x":0.3,"y":1},"s":[0],"t":1},{"o":{"x":0.7,"y":0},"i":{"x":0.3,"y":1},"s":[-2],"t":6},{"o":{"x":0.7,"y":0},"i":{"x":0.3,"y":1},"s":[2],"t":11},{"o":{"x":0.7,"y":0},"i":{"x":0.3,"y":1},"s":[-2],"t":16},{"o":{"x":0.7,"y":0},"i":{"x":0.3,"y":1},"s":[2],"t":21},{"s":[0],"t":26}],"ix":10},"sa":{"a":0,"k":0},"o":{"a":0,"k":100,"ix":11}},"ef":[],"shapes":[{"ty":"gr","bm":0,"hd":false,"mn":"ADBE Vector Group","nm":"Group 1","ix":1,"cix":2,"np":2,"it":[{"ty":"sh","bm":0,"hd":false,"mn":"ADBE Vector Shape - Group","nm":"Path 1","ix":1,"d":1,"ks":{"a":0,"k":{"c":false,"i":[[0,0],[0,0],[0,0]],"o":[[0,0],[0,0],[0,0]],"v":[[72.608,-61.312],[-15.57,34.936],[-46.485,2.811]]},"ix":2}},{"ty":"st","bm":0,"hd":false,"mn":"ADBE Vector Graphic - Stroke","nm":"Stroke 1","lc":2,"lj":2,"ml":1,"o":{"a":0,"k":100,"ix":4},"w":{"a":0,"k":20,"ix":5},"c":{"a":0,"k":[1,1,1],"ix":3,"x":"var $bm_rt;\ntry {\n    $bm_rt = thisComp.layer('Controller').effect('Color 8')('ADBE Color Control-0001');\n} catch (e) {\n    $bm_rt = value;\n}"}},{"ty":"tr","a":{"a":0,"k":[0,0],"ix":1},"s":{"a":0,"k":[100,100],"ix":3},"sk":{"a":0,"k":0,"ix":4},"p":{"a":0,"k":[96.484,84.936],"ix":2},"r":{"a":0,"k":0,"ix":6},"sa":{"a":0,"k":0,"ix":5},"o":{"a":0,"k":100,"ix":7}}]},{"ty":"tm","bm":0,"hd":false,"mn":"ADBE Vector Filter - Trim","nm":"Trim Paths 1","ix":2,"e":{"a":0,"k":100,"ix":2},"o":{"a":0,"k":0,"ix":3},"s":{"a":1,"k":[{"o":{"x":0.7,"y":0},"i":{"x":0.3,"y":1},"s":[20],"t":22},{"o":{"x":0.7,"y":0},"i":{"x":0.3,"y":1},"s":[40],"t":37},{"o":{"x":0.7,"y":0},"i":{"x":0.3,"y":1},"s":[10],"t":52},{"o":{"x":0.7,"y":0},"i":{"x":0.3,"y":1},"s":[20],"t":67},{"o":{"x":0.7,"y":0},"i":{"x":0.3,"y":1},"s":[20],"t":120},{"o":{"x":0.7,"y":0},"i":{"x":0.3,"y":1},"s":[0],"t":135},{"s":[20],"t":150}],"ix":1},"m":1}],"ind":6,"parent":7},{"ty":4,"nm":"Heart","sr":1,"st":0,"op":150,"ip":0,"hd":false,"ddd":0,"bm":0,"hasMask":false,"ao":0,"ks":{"a":{"a":0,"k":[100.25,85.25,0],"ix":1},"s":{"a":1,"k":[{"o":{"x":0.7,"y":0},"i":{"x":0.3,"y":1},"s":[100,100,100],"t":20},{"o":{"x":0.7,"y":0},"i":{"x":0.3,"y":1},"s":[75,75,100],"t":35},{"o":{"x":0.7,"y":0},"i":{"x":0.3,"y":1},"s":[125,125,100],"t":50},{"o":{"x":0.7,"y":0},"i":{"x":0.3,"y":1},"s":[0,0,100],"t":65},{"o":{"x":0.7,"y":0},"i":{"x":0.3,"y":1},"s":[0,0,100],"t":120},{"o":{"x":0.7,"y":0},"i":{"x":0.3,"y":1},"s":[120,120,100],"t":135},{"s":[100,100,100],"t":150}],"ix":6},"sk":{"a":0,"k":0},"p":{"a":0,"k":[325,290,0],"ix":2},"r":{"a":1,"k":[{"o":{"x":0.7,"y":0},"i":{"x":0.3,"y":1},"s":[0],"t":0},{"o":{"x":0.7,"y":0},"i":{"x":0.3,"y":1},"s":[-12],"t":5},{"o":{"x":0.7,"y":0},"i":{"x":0.3,"y":1},"s":[12],"t":10},{"o":{"x":0.7,"y":0},"i":{"x":0.3,"y":1},"s":[-12],"t":15},{"o":{"x":0.7,"y":0},"i":{"x":0.3,"y":1},"s":[12],"t":20},{"s":[0],"t":25}],"ix":10},"sa":{"a":0,"k":0},"o":{"a":0,"k":100,"ix":11}},"ef":[],"shapes":[{"ty":"gr","bm":0,"hd":false,"mn":"ADBE Vector Group","nm":"Group 1","ix":1,"cix":2,"np":2,"it":[{"ty":"sh","bm":0,"hd":false,"mn":"ADBE Vector Shape - Group","nm":"Path 1","ix":1,"d":1,"ks":{"a":0,"k":{"c":true,"i":[[0,60.423],[29.676,0],[9.353,-15.108],[19.718,0],[0,-28.322],[0,0]],"o":[[0,-28.322],[-19.718,0],[-9.351,-15.108],[-29.68,0],[0,60.424],[0,0]],"v":[[100,-33.715],[46.26,-85],[0.001,-59.725],[-46.256,-85],[-100,-33.715],[0.002,85]]},"ix":2}},{"ty":"fl","bm":0,"hd":false,"mn":"ADBE Vector Graphic - Fill","nm":"Fill 1","c":{"a":0,"k":[1,0.549,0.5255],"ix":4,"x":"var $bm_rt;\ntry {\n    $bm_rt = thisComp.layer('Controller')('Effects')('Color 2')('ADBE Color Control-0001');\n} catch (e) {\n    $bm_rt = value;\n}"},"r":1,"o":{"a":0,"k":100,"ix":5}},{"ty":"tr","a":{"a":0,"k":[0,0],"ix":1},"s":{"a":0,"k":[100,100],"ix":3},"sk":{"a":0,"k":0,"ix":4},"p":{"a":0,"k":[100.25,85.25],"ix":2},"r":{"a":0,"k":0,"ix":6},"sa":{"a":0,"k":0,"ix":5},"o":{"a":0,"k":100,"ix":7}}]}],"ind":7},{"ty":4,"nm":"Text","sr":1,"st":0,"op":150,"ip":0,"hd":false,"ddd":0,"bm":0,"hasMask":false,"ao":0,"ks":{"a":{"a":0,"k":[245,270,0],"ix":1},"s":{"a":0,"k":[100,100,100],"ix":6},"sk":{"a":0,"k":0},"p":{"a":0,"k":[245,270,0],"ix":2},"r":{"a":0,"k":0,"ix":10},"sa":{"a":0,"k":0},"o":{"a":0,"k":100,"ix":11}},"ef":[],"shapes":[{"ty":"gr","bm":0,"hd":false,"mn":"ADBE Vector Group","nm":"t1","ix":1,"cix":2,"np":2,"it":[{"ty":"gr","bm":0,"hd":false,"mn":"ADBE Vector Group","nm":"Group 1","ix":1,"cix":2,"np":2,"it":[{"ty":"sh","bm":0,"hd":false,"mn":"ADBE Vector Shape - Group","nm":"Path 1","ix":1,"d":1,"ks":{"a":0,"k":{"c":false,"i":[[0,0],[0,0]],"o":[[0,0],[0,0]],"v":[[6,6],[156,6]]},"ix":2}},{"ty":"st","bm":0,"hd":false,"mn":"ADBE Vector Graphic - Stroke","nm":"Stroke 1","lc":1,"lj":1,"ml":10,"o":{"a":0,"k":100,"ix":4},"w":{"a":0,"k":12,"ix":5},"c":{"a":0,"k":[0.5333,0.5882,0.6392],"ix":3,"x":"var $bm_rt;\ntry {\n    $bm_rt = thisComp.layer('Controller').effect('Color 9')('ADBE Color Control-0001');\n} catch (e) {\n    $bm_rt = value;\n}"}},{"ty":"tr","a":{"a":0,"k":[0,0],"ix":1},"s":{"a":0,"k":[100,100],"ix":3},"sk":{"a":0,"k":0,"ix":4},"p":{"a":0,"k":[0,0],"ix":2},"r":{"a":0,"k":0,"ix":6},"sa":{"a":0,"k":0,"ix":5},"o":{"a":0,"k":100,"ix":7}}]},{"ty":"tm","bm":0,"hd":false,"mn":"ADBE Vector Filter - Trim","nm":"Trim Paths 1","ix":2,"e":{"a":1,"k":[{"o":{"x":0.7,"y":0},"i":{"x":0.3,"y":1},"s":[100],"t":58},{"o":{"x":0.7,"y":0},"i":{"x":0.3,"y":1},"s":[76],"t":65},{"o":{"x":0.7,"y":0},"i":{"x":0.3,"y":1},"s":[100],"t":80},{"s":[100],"t":95}],"ix":2},"o":{"a":0,"k":0,"ix":3},"s":{"a":0,"k":0,"ix":1},"m":1},{"ty":"tr","a":{"a":0,"k":[81,6],"ix":1},"s":{"a":0,"k":[100,100],"ix":3},"sk":{"a":0,"k":0,"ix":4},"p":{"a":0,"k":[245,165],"ix":2},"r":{"a":0,"k":0,"ix":6},"sa":{"a":0,"k":0,"ix":5},"o":{"a":0,"k":100,"ix":7}}]},{"ty":"gr","bm":0,"hd":false,"mn":"ADBE Vector Group","nm":"t2","ix":2,"cix":2,"np":2,"it":[{"ty":"gr","bm":0,"hd":false,"mn":"ADBE Vector Group","nm":"Group 1","ix":1,"cix":2,"np":2,"it":[{"ty":"sh","bm":0,"hd":false,"mn":"ADBE Vector Shape - Group","nm":"Path 1","ix":1,"d":1,"ks":{"a":0,"k":{"c":false,"i":[[0,0],[0,0]],"o":[[0,0],[0,0]],"v":[[6,6],[156,6]]},"ix":2}},{"ty":"st","bm":0,"hd":false,"mn":"ADBE Vector Graphic - Stroke","nm":"Stroke 1","lc":1,"lj":1,"ml":10,"o":{"a":0,"k":100,"ix":4},"w":{"a":0,"k":12,"ix":5},"c":{"a":0,"k":[0.5333,0.5882,0.6392],"ix":3,"x":"var $bm_rt;\ntry {\n    $bm_rt = thisComp.layer('Controller')('Effects')('Color 9')('ADBE Color Control-0001');\n} catch (e) {\n    $bm_rt = value;\n}"}},{"ty":"tr","a":{"a":0,"k":[0,0],"ix":1},"s":{"a":0,"k":[100,100],"ix":3},"sk":{"a":0,"k":0,"ix":4},"p":{"a":0,"k":[0,0],"ix":2},"r":{"a":0,"k":0,"ix":6},"sa":{"a":0,"k":0,"ix":5},"o":{"a":0,"k":100,"ix":7}}]},{"ty":"tm","bm":0,"hd":false,"mn":"ADBE Vector Filter - Trim","nm":"Trim Paths 1","ix":2,"e":{"a":1,"k":[{"o":{"x":0.7,"y":0},"i":{"x":0.3,"y":1},"s":[32],"t":20},{"o":{"x":0.7,"y":0},"i":{"x":0.3,"y":1},"s":[53],"t":35},{"o":{"x":0.7,"y":0},"i":{"x":0.3,"y":1},"s":[17],"t":50},{"o":{"x":0.7,"y":0},"i":{"x":0.3,"y":1},"s":[70],"t":58},{"o":{"x":0.7,"y":0},"i":{"x":0.3,"y":1},"s":[57],"t":65},{"o":{"x":0.7,"y":0},"i":{"x":0.3,"y":1},"s":[72],"t":80},{"o":{"x":0.7,"y":0},"i":{"x":0.3,"y":1},"s":[72],"t":95},{"o":{"x":0.7,"y":0},"i":{"x":0.3,"y":1},"s":[98],"t":102},{"o":{"x":0.7,"y":0},"i":{"x":0.3,"y":1},"s":[63],"t":110},{"o":{"x":0.7,"y":0},"i":{"x":0.3,"y":1},"s":[100],"t":120},{"o":{"x":0.7,"y":0},"i":{"x":0.3,"y":1},"s":[17],"t":135},{"s":[32],"t":150}],"ix":2},"o":{"a":0,"k":0,"ix":3},"s":{"a":0,"k":0,"ix":1},"m":1},{"ty":"tr","a":{"a":0,"k":[81,6],"ix":1},"s":{"a":0,"k":[100,100],"ix":3},"sk":{"a":0,"k":0,"ix":4},"p":{"a":0,"k":[245,235],"ix":2},"r":{"a":0,"k":0,"ix":6},"sa":{"a":0,"k":0,"ix":5},"o":{"a":0,"k":100,"ix":7}}]},{"ty":"gr","bm":0,"hd":false,"mn":"ADBE Vector Group","nm":"t3","ix":3,"cix":2,"np":2,"it":[{"ty":"gr","bm":0,"hd":false,"mn":"ADBE Vector Group","nm":"Group 1","ix":1,"cix":2,"np":2,"it":[{"ty":"sh","bm":0,"hd":false,"mn":"ADBE Vector Shape - Group","nm":"Path 1","ix":1,"d":1,"ks":{"a":0,"k":{"c":false,"i":[[0,0],[0,0]],"o":[[0,0],[0,0]],"v":[[6,6],[156,6]]},"ix":2}},{"ty":"st","bm":0,"hd":false,"mn":"ADBE Vector Graphic - Stroke","nm":"Stroke 1","lc":1,"lj":1,"ml":10,"o":{"a":0,"k":100,"ix":4},"w":{"a":0,"k":12,"ix":5},"c":{"a":0,"k":[0.5333,0.5882,0.6392],"ix":3,"x":"var $bm_rt;\ntry {\n    $bm_rt = thisComp.layer('Controller')('Effects')('Color 9')('ADBE Color Control-0001');\n} catch (e) {\n    $bm_rt = value;\n}"}},{"ty":"tr","a":{"a":0,"k":[0,0],"ix":1},"s":{"a":0,"k":[100,100],"ix":3},"sk":{"a":0,"k":0,"ix":4},"p":{"a":0,"k":[0,0],"ix":2},"r":{"a":0,"k":0,"ix":6},"sa":{"a":0,"k":0,"ix":5},"o":{"a":0,"k":100,"ix":7}}]},{"ty":"tm","bm":0,"hd":false,"mn":"ADBE Vector Filter - Trim","nm":"Trim Paths 1","ix":2,"e":{"a":1,"k":[{"o":{"x":0.7,"y":0},"i":{"x":0.3,"y":1},"s":[39],"t":20},{"o":{"x":0.7,"y":0},"i":{"x":0.3,"y":1},"s":[55],"t":35},{"o":{"x":0.7,"y":0},"i":{"x":0.3,"y":1},"s":[27],"t":50},{"o":{"x":0.7,"y":0},"i":{"x":0.3,"y":1},"s":[70],"t":58},{"o":{"x":0.7,"y":0},"i":{"x":0.3,"y":1},"s":[57],"t":65},{"o":{"x":0.7,"y":0},"i":{"x":0.3,"y":1},"s":[72],"t":80},{"o":{"x":0.7,"y":0},"i":{"x":0.3,"y":1},"s":[72],"t":95},{"o":{"x":0.7,"y":0},"i":{"x":0.3,"y":1},"s":[90],"t":102},{"o":{"x":0.7,"y":0},"i":{"x":0.3,"y":1},"s":[55],"t":110},{"o":{"x":0.7,"y":0},"i":{"x":0.3,"y":1},"s":[100],"t":120},{"o":{"x":0.7,"y":0},"i":{"x":0.3,"y":1},"s":[30],"t":135},{"s":[39],"t":150}],"ix":2},"o":{"a":0,"k":0,"ix":3},"s":{"a":0,"k":0,"ix":1},"m":1},{"ty":"tr","a":{"a":0,"k":[81,6],"ix":1},"s":{"a":0,"k":[100,100],"ix":3},"sk":{"a":0,"k":0,"ix":4},"p":{"a":0,"k":[245,305],"ix":2},"r":{"a":0,"k":0,"ix":6},"sa":{"a":0,"k":0,"ix":5},"o":{"a":0,"k":100,"ix":7}}]},{"ty":"gr","bm":0,"hd":false,"mn":"ADBE Vector Group","nm":"t4","ix":4,"cix":2,"np":2,"it":[{"ty":"gr","bm":0,"hd":false,"mn":"ADBE Vector Group","nm":"Group 1","ix":1,"cix":2,"np":2,"it":[{"ty":"sh","bm":0,"hd":false,"mn":"ADBE Vector Shape - Group","nm":"Path 1","ix":1,"d":1,"ks":{"a":0,"k":{"c":false,"i":[[0,0],[0,0]],"o":[[0,0],[0,0]],"v":[[6,6],[156,6]]},"ix":2}},{"ty":"st","bm":0,"hd":false,"mn":"ADBE Vector Graphic - Stroke","nm":"Stroke 1","lc":1,"lj":1,"ml":10,"o":{"a":0,"k":100,"ix":4},"w":{"a":0,"k":12,"ix":5},"c":{"a":0,"k":[0.5333,0.5882,0.6392],"ix":3,"x":"var $bm_rt;\ntry {\n    $bm_rt = thisComp.layer('Controller')('Effects')('Color 9')('ADBE Color Control-0001');\n} catch (e) {\n    $bm_rt = value;\n}"}},{"ty":"tr","a":{"a":0,"k":[0,0],"ix":1},"s":{"a":0,"k":[100,100],"ix":3},"sk":{"a":0,"k":0,"ix":4},"p":{"a":0,"k":[0,0],"ix":2},"r":{"a":0,"k":0,"ix":6},"sa":{"a":0,"k":0,"ix":5},"o":{"a":0,"k":100,"ix":7}}]},{"ty":"tm","bm":0,"hd":false,"mn":"ADBE Vector Filter - Trim","nm":"Trim Paths 1","ix":2,"e":{"a":1,"k":[{"o":{"x":0.7,"y":0},"i":{"x":0.3,"y":1},"s":[85],"t":58},{"o":{"x":0.7,"y":0},"i":{"x":0.3,"y":1},"s":[57],"t":65},{"o":{"x":0.7,"y":0},"i":{"x":0.3,"y":1},"s":[72],"t":80},{"o":{"x":0.7,"y":0},"i":{"x":0.3,"y":1},"s":[72],"t":95},{"o":{"x":0.7,"y":0},"i":{"x":0.3,"y":1},"s":[100],"t":102},{"o":{"x":0.7,"y":0},"i":{"x":0.3,"y":1},"s":[81],"t":110},{"o":{"x":0.7,"y":0},"i":{"x":0.3,"y":1},"s":[100],"t":120},{"o":{"x":0.7,"y":0},"i":{"x":0.3,"y":1},"s":[74],"t":135},{"s":[85],"t":150}],"ix":2},"o":{"a":0,"k":0,"ix":3},"s":{"a":0,"k":0,"ix":1},"m":1},{"ty":"tr","a":{"a":0,"k":[81,6],"ix":1},"s":{"a":0,"k":[100,100],"ix":3},"sk":{"a":0,"k":0,"ix":4},"p":{"a":0,"k":[245,375],"ix":2},"r":{"a":0,"k":0,"ix":6},"sa":{"a":0,"k":0,"ix":5},"o":{"a":0,"k":100,"ix":7}}]}],"ind":8},{"ty":4,"nm":"Mount","sr":1,"st":0,"op":150,"ip":0,"hd":false,"ddd":0,"bm":0,"hasMask":false,"ao":0,"ks":{"a":{"a":0,"k":[100,48,0],"ix":1},"s":{"a":0,"k":[100,100,100],"ix":6},"sk":{"a":0,"k":0},"p":{"a":1,"k":[{"o":{"x":0.7,"y":0},"i":{"x":0.3,"y":1},"s":[140.25,24.25,0],"t":23,"ti":[0,0,0],"to":[0,0,0]},{"o":{"x":0.7,"y":0},"i":{"x":0.3,"y":1},"s":[150,24.25,0],"t":38,"ti":[0,0,0],"to":[0,0,0]},{"o":{"x":0.7,"y":0},"i":{"x":0.3,"y":1},"s":[130,24.25,0],"t":53,"ti":[0,0,0],"to":[0,0,0]},{"o":{"x":0.167,"y":0.167},"i":{"x":0.833,"y":0.833},"s":[140.25,24.25,0],"t":68,"ti":[0,0,0],"to":[0,0,0]},{"o":{"x":0.7,"y":0},"i":{"x":0.3,"y":1},"s":[140.25,24.25,0],"t":98,"ti":[0,0,0],"to":[0,0,0]},{"o":{"x":0.7,"y":0},"i":{"x":0.3,"y":1},"s":[130,24.25,0],"t":113,"ti":[0,0,0],"to":[0,0,0]},{"o":{"x":0.7,"y":0},"i":{"x":0.3,"y":1},"s":[150,24.25,0],"t":128,"ti":[0,0,0],"to":[0,0,0]},{"s":[140.25,24.25,0],"t":143}],"ix":2},"r":{"a":0,"k":0,"ix":10},"sa":{"a":0,"k":0},"o":{"a":0,"k":100,"ix":11}},"ef":[],"shapes":[{"ty":"gr","bm":0,"hd":false,"mn":"ADBE Vector Group","nm":"Group 1","ix":1,"cix":2,"np":2,"it":[{"ty":"sh","bm":0,"hd":false,"mn":"ADBE Vector Shape - Group","nm":"Path 1","ix":1,"d":1,"ks":{"a":0,"k":{"c":true,"i":[[10.082,0],[0,0],[0,10.081],[0,0],[0,0],[0,0]],"o":[[0,0],[-10.082,0],[0,0],[0,0],[0,0],[0,10.081]],"v":[[51.67,18],[-51.669,18],[-70,-0.33],[-70,-18],[70,-18],[70,-0.33]]},"ix":2}},{"ty":"st","bm":0,"hd":false,"mn":"ADBE Vector Graphic - Stroke","nm":"Stroke 1","lc":1,"lj":1,"ml":10,"o":{"a":0,"k":100,"ix":4},"w":{"a":0,"k":12,"ix":5},"c":{"a":0,"k":[0.3725,0.4,0.4588],"ix":3,"x":"var $bm_rt;\ntry {\n    $bm_rt = thisComp.layer('Controller')('Effects')('Color 8')('ADBE Color Control-0001');\n} catch (e) {\n    $bm_rt = value;\n}"}},{"ty":"tr","a":{"a":0,"k":[0,0],"ix":1},"s":{"a":0,"k":[100,100],"ix":3},"sk":{"a":0,"k":0,"ix":4},"p":{"a":0,"k":[100,48],"ix":2},"r":{"a":0,"k":0,"ix":6},"sa":{"a":0,"k":0,"ix":5},"o":{"a":0,"k":100,"ix":7}}]},{"ty":"tm","bm":0,"hd":false,"mn":"ADBE Vector Filter - Trim","nm":"Trim Paths 1","ix":2,"e":{"a":0,"k":100,"ix":2},"o":{"a":0,"k":0,"ix":3},"s":{"a":0,"k":0,"ix":1},"m":1}],"ind":9,"parent":10},{"ty":4,"nm":"Tablet","sr":1,"st":0,"op":150,"ip":0,"hd":false,"ddd":0,"bm":0,"hasMask":false,"ao":0,"ks":{"a":{"a":0,"k":[140.25,175.25,0],"ix":1},"s":{"a":0,"k":[100,100,100],"ix":6},"sk":{"a":0,"k":0},"p":{"a":1,"k":[{"o":{"x":0.7,"y":0},"i":{"x":0.3,"y":1},"s":[215,250,0],"t":20,"ti":[0,0,0],"to":[0,0,0]},{"o":{"x":0.7,"y":0},"i":{"x":0.3,"y":1},"s":[235,250,0],"t":35,"ti":[0,0,0],"to":[0,0,0]},{"o":{"x":0.7,"y":0},"i":{"x":0.3,"y":1},"s":[195,250,0],"t":50,"ti":[0,0,0],"to":[0,0,0]},{"o":{"x":0.167,"y":0.167},"i":{"x":0.833,"y":0.833},"s":[215,250,0],"t":65,"ti":[0,0,0],"to":[0,0,0]},{"o":{"x":0.7,"y":0},"i":{"x":0.3,"y":1},"s":[215,250,0],"t":95,"ti":[0,0,0],"to":[0,0,0]},{"o":{"x":0.7,"y":0},"i":{"x":0.3,"y":1},"s":[195,250,0],"t":110,"ti":[0,0,0],"to":[0,0,0]},{"o":{"x":0.7,"y":0},"i":{"x":0.3,"y":1},"s":[235,250,0],"t":125,"ti":[0,0,0],"to":[0,0,0]},{"s":[215,250,0],"t":140}],"ix":2},"r":{"a":0,"k":0,"ix":10},"sa":{"a":0,"k":0},"o":{"a":0,"k":100,"ix":11}},"ef":[],"shapes":[{"ty":"gr","bm":0,"hd":false,"mn":"ADBE Vector Group","nm":"Group 1","ix":1,"cix":2,"np":2,"it":[{"ty":"sh","bm":0,"hd":false,"mn":"ADBE Vector Shape - Group","nm":"Path 1","ix":1,"d":1,"ks":{"a":0,"k":{"c":true,"i":[[8.284,0],[0,0],[0,8.284],[0,0],[-8.284,0],[0,0],[0,-8.284],[0,0]],"o":[[0,0],[-8.284,0],[0,0],[0,-8.284],[0,0],[8.284,0],[0,0],[0,8.284]],"v":[[125,175],[-125,175],[-140,160],[-140,-160],[-125,-175],[125,-175],[140,-160],[140,160]]},"ix":2}},{"ty":"fl","bm":0,"hd":false,"mn":"ADBE Vector Graphic - Fill","nm":"Fill 1","c":{"a":0,"k":[0.8745,0.949,0.9098],"ix":4,"x":"var $bm_rt;\ntry {\n    $bm_rt = thisComp.layer('Controller').effect('Color 10')('ADBE Color Control-0001');\n} catch (e) {\n    $bm_rt = value;\n}"},"r":1,"o":{"a":0,"k":100,"ix":5}},{"ty":"tr","a":{"a":0,"k":[0,0],"ix":1},"s":{"a":0,"k":[100,100],"ix":3},"sk":{"a":0,"k":0,"ix":4},"p":{"a":0,"k":[140.25,175.25],"ix":2},"r":{"a":0,"k":0,"ix":6},"sa":{"a":0,"k":0,"ix":5},"o":{"a":0,"k":100,"ix":7}}]}],"ind":10}],"v":"5.5.7","fr":30,"op":150,"ip":0,"assets":[]}