{"nm":"Comp 1","ddd":0,"h":1920,"w":1920,"meta":{"g":"LottieFiles AE 0.1.21"},"layers":[{"ty":4,"nm":"Shape Layer 3","sr":1,"st":0,"op":120.0000048877,"ip":90.0000036657751,"hd":false,"ddd":0,"bm":0,"hasMask":false,"ao":0,"ks":{"a":{"a":0,"k":[-204,-16,0],"ix":1},"s":{"a":1,"k":[{"o":{"x":0.333,"y":0},"i":{"x":0.667,"y":1},"s":[149.254,149.254,100],"t":30},{"o":{"x":0.333,"y":0},"i":{"x":0.667,"y":1},"s":[122.254,122.254,100],"t":60},{"s":[149.254,149.254,100],"t":90.0000036657751}],"ix":6},"sk":{"a":0,"k":0},"p":{"a":1,"k":[{"o":{"x":0.749,"y":0},"i":{"x":0.667,"y":1},"s":[349.022,459.471,0],"t":0,"ti":[0,-44.572,0],"to":[0,-29.5,0]},{"o":{"x":0.333,"y":0},"i":{"x":0.319,"y":1},"s":[349.022,282.471,0],"t":30,"ti":[0,0,0],"to":[0,44.572,0]},{"o":{"x":0.668,"y":0},"i":{"x":0.667,"y":1},"s":[349.022,726.903,0],"t":60,"ti":[0,44.572,0],"to":[0,0,0]},{"o":{"x":0.333,"y":0},"i":{"x":0.667,"y":1},"s":[349.022,282.471,0],"t":90,"ti":[0,-29.5,0],"to":[0,-44.572,0]},{"s":[349.022,459.471,0],"t":120.0000048877}],"ix":2},"r":{"a":0,"k":0,"ix":10},"sa":{"a":0,"k":0},"o":{"a":0,"k":50,"ix":11}},"ef":[],"shapes":[{"ty":"gr","bm":0,"hd":false,"mn":"ADBE Vector Group","nm":"Ellipse 1","ix":1,"cix":2,"np":3,"it":[{"ty":"el","bm":0,"hd":false,"mn":"ADBE Vector Shape - Ellipse","nm":"Ellipse Path 1","d":1,"p":{"a":0,"k":[0,0],"ix":3},"s":{"a":0,"k":[244,244],"ix":2}},{"ty":"fl","bm":0,"hd":false,"mn":"ADBE Vector Graphic - Fill","nm":"Fill 1","c":{"a":0,"k":[1,0.8471,0],"ix":4},"r":1,"o":{"a":0,"k":100,"ix":5}},{"ty":"tr","a":{"a":0,"k":[0,0],"ix":1},"s":{"a":0,"k":[100,100],"ix":3},"sk":{"a":0,"k":0,"ix":4},"p":{"a":0,"k":[-204,-16],"ix":2},"r":{"a":0,"k":0,"ix":6},"sa":{"a":0,"k":0,"ix":5},"o":{"a":0,"k":100,"ix":7}}]}],"ind":1,"parent":4},{"ty":4,"nm":"Shape Layer 1","sr":1,"st":0,"op":30.0000012219251,"ip":0,"hd":false,"ddd":0,"bm":0,"hasMask":false,"ao":0,"ks":{"a":{"a":0,"k":[-204,-16,0],"ix":1},"s":{"a":1,"k":[{"o":{"x":0.333,"y":0},"i":{"x":0.667,"y":1},"s":[149.254,149.254,100],"t":30},{"o":{"x":0.333,"y":0},"i":{"x":0.667,"y":1},"s":[122.254,122.254,100],"t":60},{"s":[149.254,149.254,100],"t":90.0000036657751}],"ix":6},"sk":{"a":0,"k":0},"p":{"a":1,"k":[{"o":{"x":0.749,"y":0},"i":{"x":0.667,"y":1},"s":[349.022,459.471,0],"t":0,"ti":[0,-44.572,0],"to":[0,-29.5,0]},{"o":{"x":0.333,"y":0},"i":{"x":0.319,"y":1},"s":[349.022,282.471,0],"t":30,"ti":[0,0,0],"to":[0,44.572,0]},{"o":{"x":0.668,"y":0},"i":{"x":0.667,"y":1},"s":[349.022,726.903,0],"t":60,"ti":[0,44.572,0],"to":[0,0,0]},{"o":{"x":0.333,"y":0},"i":{"x":0.667,"y":1},"s":[349.022,282.471,0],"t":90,"ti":[0,-29.5,0],"to":[0,-44.572,0]},{"s":[349.022,459.471,0],"t":120.0000048877}],"ix":2},"r":{"a":0,"k":0,"ix":10},"sa":{"a":0,"k":0},"o":{"a":0,"k":50,"ix":11}},"ef":[],"shapes":[{"ty":"gr","bm":0,"hd":false,"mn":"ADBE Vector Group","nm":"Ellipse 1","ix":1,"cix":2,"np":3,"it":[{"ty":"el","bm":0,"hd":false,"mn":"ADBE Vector Shape - Ellipse","nm":"Ellipse Path 1","d":1,"p":{"a":0,"k":[0,0],"ix":3},"s":{"a":0,"k":[244,244],"ix":2}},{"ty":"fl","bm":0,"hd":false,"mn":"ADBE Vector Graphic - Fill","nm":"Fill 1","c":{"a":0,"k":[1,0.8471,0],"ix":4},"r":1,"o":{"a":0,"k":100,"ix":5}},{"ty":"tr","a":{"a":0,"k":[0,0],"ix":1},"s":{"a":0,"k":[100,100],"ix":3},"sk":{"a":0,"k":0,"ix":4},"p":{"a":0,"k":[-204,-16],"ix":2},"r":{"a":0,"k":0,"ix":6},"sa":{"a":0,"k":0,"ix":5},"o":{"a":0,"k":100,"ix":7}}]}],"ind":2,"parent":4},{"ty":4,"nm":"cloud1 Outlines 3","sr":1,"st":0,"op":120.0000048877,"ip":90.0000036657751,"hd":false,"ddd":0,"bm":0,"hasMask":false,"ao":0,"ks":{"a":{"a":0,"k":[653.5,653.5,0],"ix":1},"s":{"a":1,"k":[{"o":{"x":0.167,"y":0.167},"i":{"x":0.833,"y":0.833},"s":[67,67,100],"t":13},{"o":{"x":0.167,"y":0.167},"i":{"x":0.833,"y":0.833},"s":[46,46,100],"t":40},{"o":{"x":0.167,"y":0.167},"i":{"x":0.833,"y":0.833},"s":[46,46,100],"t":79},{"s":[67,67,100],"t":107.000004358199}],"ix":6},"sk":{"a":0,"k":0},"p":{"a":1,"k":[{"o":{"x":0.621,"y":0},"i":{"x":0.667,"y":1},"s":[960,1074,0],"t":0,"ti":[0,12.667,0],"to":[-65.5,0,0]},{"o":{"x":0.333,"y":0},"i":{"x":0.359,"y":1},"s":[567,1074,0],"t":30,"ti":[-127.333,0,0],"to":[0,-12.667,0]},{"o":{"x":0.333,"y":0},"i":{"x":0.667,"y":1},"s":[960,998,0],"t":60,"ti":[0,-12.667,0],"to":[127.333,0,0]},{"o":{"x":0.333,"y":0},"i":{"x":0.667,"y":1},"s":[1331,1074,0],"t":90,"ti":[61.833,0,0],"to":[0,12.667,0]},{"s":[960,1074,0],"t":120.0000048877}],"ix":2},"r":{"a":0,"k":0,"ix":10},"sa":{"a":0,"k":0},"o":{"a":0,"k":100,"ix":11}},"ef":[],"shapes":[{"ty":"gr","bm":0,"hd":false,"mn":"ADBE Vector Group","nm":"Group 1","ix":1,"cix":2,"np":2,"it":[{"ty":"sh","bm":0,"hd":false,"mn":"ADBE Vector Shape - Group","nm":"Path 1","ix":1,"d":1,"ks":{"a":0,"k":{"c":true,"i":[[0,0],[0,0],[0,86.242],[-91.882,0],[-17.991,-6.313],[0,0],[0,0],[-94.627,0],[-33.591,-23.967],[0,0],[0,0],[-63.994,0],[0,-108.507],[0.195,-2.771],[0,0],[0,0],[0,-69.688],[88.079,-5.014],[0,0],[0,0]],"o":[[0,0],[-85.748,-8.281],[0,-91.882],[18.539,0],[0,0],[0,0],[17.365,-92.96],[41.034,0],[0,0],[0,0],[36.883,-52.589],[108.507,0],[0,2.824],[0,0],[0,0],[65.635,23.889],[0,88.15],[0,0],[0,0],[0,0]],"v":[[-351.402,267.575],[-353.733,266.754],[-504.138,100.944],[-337.499,-65.695],[-282.438,-56.187],[-278.457,-54.783],[-277.679,-58.933],[-84.397,-219.365],[29.68,-182.73],[32.647,-180.611],[34.739,-183.594],[195.842,-267.575],[392.62,-70.797],[392.242,-62.421],[391.87,-56.425],[394.406,-55.507],[504.138,100.944],[347.059,267.089],[343.644,267.284],[343.644,267.575]]},"ix":2}},{"ty":"fl","bm":0,"hd":false,"mn":"ADBE Vector Graphic - Fill","nm":"Fill 1","c":{"a":0,"k":[0.8,0.8,0.8],"ix":4},"r":1,"o":{"a":0,"k":100,"ix":5}},{"ty":"tr","a":{"a":0,"k":[0,0],"ix":1},"s":{"a":0,"k":[100,100],"ix":3},"sk":{"a":0,"k":0,"ix":4},"p":{"a":0,"k":[674.803,625.448],"ix":2},"r":{"a":0,"k":0,"ix":6},"sa":{"a":0,"k":0,"ix":5},"o":{"a":0,"k":100,"ix":7}}]}],"ind":3},{"ty":4,"nm":"cloud1 Outlines","sr":1,"st":0,"op":30.0000012219251,"ip":0,"hd":false,"ddd":0,"bm":0,"hasMask":false,"ao":0,"ks":{"a":{"a":0,"k":[653.5,653.5,0],"ix":1},"s":{"a":1,"k":[{"o":{"x":0.167,"y":0.167},"i":{"x":0.833,"y":0.833},"s":[67,67,100],"t":13},{"o":{"x":0.167,"y":0.167},"i":{"x":0.833,"y":0.833},"s":[46,46,100],"t":40},{"o":{"x":0.167,"y":0.167},"i":{"x":0.833,"y":0.833},"s":[46,46,100],"t":79},{"s":[67,67,100],"t":107.000004358199}],"ix":6},"sk":{"a":0,"k":0},"p":{"a":1,"k":[{"o":{"x":0.621,"y":0},"i":{"x":0.667,"y":1},"s":[960,1074,0],"t":0,"ti":[0,12.667,0],"to":[-65.5,0,0]},{"o":{"x":0.333,"y":0},"i":{"x":0.359,"y":1},"s":[567,1074,0],"t":30,"ti":[-127.333,0,0],"to":[0,-12.667,0]},{"o":{"x":0.333,"y":0},"i":{"x":0.667,"y":1},"s":[960,998,0],"t":60,"ti":[0,-12.667,0],"to":[127.333,0,0]},{"o":{"x":0.333,"y":0},"i":{"x":0.667,"y":1},"s":[1331,1074,0],"t":90,"ti":[61.833,0,0],"to":[0,12.667,0]},{"s":[960,1074,0],"t":120.0000048877}],"ix":2},"r":{"a":0,"k":0,"ix":10},"sa":{"a":0,"k":0},"o":{"a":0,"k":100,"ix":11}},"ef":[],"shapes":[{"ty":"gr","bm":0,"hd":false,"mn":"ADBE Vector Group","nm":"Group 1","ix":1,"cix":2,"np":2,"it":[{"ty":"sh","bm":0,"hd":false,"mn":"ADBE Vector Shape - Group","nm":"Path 1","ix":1,"d":1,"ks":{"a":0,"k":{"c":true,"i":[[0,0],[0,0],[0,86.242],[-91.882,0],[-17.991,-6.313],[0,0],[0,0],[-94.627,0],[-33.591,-23.967],[0,0],[0,0],[-63.994,0],[0,-108.507],[0.195,-2.771],[0,0],[0,0],[0,-69.688],[88.079,-5.014],[0,0],[0,0]],"o":[[0,0],[-85.748,-8.281],[0,-91.882],[18.539,0],[0,0],[0,0],[17.365,-92.96],[41.034,0],[0,0],[0,0],[36.883,-52.589],[108.507,0],[0,2.824],[0,0],[0,0],[65.635,23.889],[0,88.15],[0,0],[0,0],[0,0]],"v":[[-351.402,267.575],[-353.733,266.754],[-504.138,100.944],[-337.499,-65.695],[-282.438,-56.187],[-278.457,-54.783],[-277.679,-58.933],[-84.397,-219.365],[29.68,-182.73],[32.647,-180.611],[34.739,-183.594],[195.842,-267.575],[392.62,-70.797],[392.242,-62.421],[391.87,-56.425],[394.406,-55.507],[504.138,100.944],[347.059,267.089],[343.644,267.284],[343.644,267.575]]},"ix":2}},{"ty":"fl","bm":0,"hd":false,"mn":"ADBE Vector Graphic - Fill","nm":"Fill 1","c":{"a":0,"k":[0.8,0.8,0.8],"ix":4},"r":1,"o":{"a":0,"k":100,"ix":5}},{"ty":"tr","a":{"a":0,"k":[0,0],"ix":1},"s":{"a":0,"k":[100,100],"ix":3},"sk":{"a":0,"k":0,"ix":4},"p":{"a":0,"k":[674.803,625.448],"ix":2},"r":{"a":0,"k":0,"ix":6},"sa":{"a":0,"k":0,"ix":5},"o":{"a":0,"k":100,"ix":7}}]}],"ind":4},{"ty":4,"nm":"Layer 1/flash Outlines 4","sr":1,"st":0,"op":63.0000025660426,"ip":60.0000024438501,"hd":false,"ddd":0,"bm":0,"hasMask":false,"ao":0,"ks":{"a":{"a":0,"k":[653.5,653.5,0],"ix":1},"s":{"a":0,"k":[59.836,59.836,100],"ix":6},"sk":{"a":0,"k":0},"p":{"a":0,"k":[662.482,1013.707,0],"ix":2},"r":{"a":0,"k":0,"ix":10},"sa":{"a":0,"k":0},"o":{"a":0,"k":50,"ix":11}},"ef":[],"shapes":[{"ty":"gr","bm":0,"hd":false,"mn":"ADBE Vector Group","nm":"Group 1","ix":1,"cix":2,"np":2,"it":[{"ty":"sh","bm":0,"hd":false,"mn":"ADBE Vector Shape - Group","nm":"Path 1","ix":1,"d":1,"ks":{"a":0,"k":{"c":true,"i":[[0,0],[0,0],[0,0],[0,0],[0,0],[0,0]],"o":[[0,0],[0,0],[0,0],[0,0],[0,0],[0,0]],"v":[[51.551,-375.434],[-196.308,51.55],[-51.55,51.55],[-51.55,375.434],[196.309,-51.551],[51.551,-51.551]]},"ix":2}},{"ty":"fl","bm":0,"hd":false,"mn":"ADBE Vector Graphic - Fill","nm":"Fill 1","c":{"a":0,"k":[1,0.8,0],"ix":4},"r":1,"o":{"a":0,"k":100,"ix":5}},{"ty":"tr","a":{"a":0,"k":[0,0],"ix":1},"s":{"a":0,"k":[100,100],"ix":3},"sk":{"a":0,"k":0,"ix":4},"p":{"a":0,"k":[635.544,590.937],"ix":2},"r":{"a":0,"k":0,"ix":6},"sa":{"a":0,"k":0,"ix":5},"o":{"a":0,"k":100,"ix":7}}]}],"ind":5,"parent":13},{"ty":4,"nm":"Layer 1/flash Outlines 3","sr":1,"st":0,"op":57.0000023216576,"ip":55.0000022401959,"hd":false,"ddd":0,"bm":0,"hasMask":false,"ao":0,"ks":{"a":{"a":0,"k":[653.5,653.5,0],"ix":1},"s":{"a":0,"k":[69.16,69.16,100],"ix":6},"sk":{"a":0,"k":0},"p":{"a":0,"k":[986.028,1051.638,0],"ix":2},"r":{"a":0,"k":0,"ix":10},"sa":{"a":0,"k":0},"o":{"a":0,"k":50,"ix":11}},"ef":[],"shapes":[{"ty":"gr","bm":0,"hd":false,"mn":"ADBE Vector Group","nm":"Group 1","ix":1,"cix":2,"np":2,"it":[{"ty":"sh","bm":0,"hd":false,"mn":"ADBE Vector Shape - Group","nm":"Path 1","ix":1,"d":1,"ks":{"a":0,"k":{"c":true,"i":[[0,0],[0,0],[0,0],[0,0],[0,0],[0,0]],"o":[[0,0],[0,0],[0,0],[0,0],[0,0],[0,0]],"v":[[51.551,-375.434],[-196.308,51.55],[-51.55,51.55],[-51.55,375.434],[196.309,-51.551],[51.551,-51.551]]},"ix":2}},{"ty":"fl","bm":0,"hd":false,"mn":"ADBE Vector Graphic - Fill","nm":"Fill 1","c":{"a":0,"k":[1,0.8,0],"ix":4},"r":1,"o":{"a":0,"k":100,"ix":5}},{"ty":"tr","a":{"a":0,"k":[0,0],"ix":1},"s":{"a":0,"k":[100,100],"ix":3},"sk":{"a":0,"k":0,"ix":4},"p":{"a":0,"k":[635.544,590.937],"ix":2},"r":{"a":0,"k":0,"ix":6},"sa":{"a":0,"k":0,"ix":5},"o":{"a":0,"k":100,"ix":7}}]}],"ind":6,"parent":13},{"ty":4,"nm":"Layer 1/flash Outlines 2","sr":1,"st":0,"op":52.0000021180034,"ip":50.0000020365418,"hd":false,"ddd":0,"bm":0,"hasMask":false,"ao":0,"ks":{"a":{"a":0,"k":[653.5,653.5,0],"ix":1},"s":{"a":0,"k":[59.574,59.574,100],"ix":6},"sk":{"a":0,"k":0},"p":{"a":0,"k":[466.758,1023.563,0],"ix":2},"r":{"a":0,"k":0,"ix":10},"sa":{"a":0,"k":0},"o":{"a":0,"k":50,"ix":11}},"ef":[],"shapes":[{"ty":"gr","bm":0,"hd":false,"mn":"ADBE Vector Group","nm":"Group 1","ix":1,"cix":2,"np":2,"it":[{"ty":"sh","bm":0,"hd":false,"mn":"ADBE Vector Shape - Group","nm":"Path 1","ix":1,"d":1,"ks":{"a":0,"k":{"c":true,"i":[[0,0],[0,0],[0,0],[0,0],[0,0],[0,0]],"o":[[0,0],[0,0],[0,0],[0,0],[0,0],[0,0]],"v":[[51.551,-375.434],[-196.308,51.55],[-51.55,51.55],[-51.55,375.434],[196.309,-51.551],[51.551,-51.551]]},"ix":2}},{"ty":"fl","bm":0,"hd":false,"mn":"ADBE Vector Graphic - Fill","nm":"Fill 1","c":{"a":0,"k":[1,0.8,0],"ix":4},"r":1,"o":{"a":0,"k":100,"ix":5}},{"ty":"tr","a":{"a":0,"k":[0,0],"ix":1},"s":{"a":0,"k":[100,100],"ix":3},"sk":{"a":0,"k":0,"ix":4},"p":{"a":0,"k":[635.544,590.937],"ix":2},"r":{"a":0,"k":0,"ix":6},"sa":{"a":0,"k":0,"ix":5},"o":{"a":0,"k":100,"ix":7}}]}],"ind":7,"parent":13},{"ty":4,"nm":"Layer 1/flash Outlines","sr":1,"st":0,"op":46.0000018736184,"ip":43.0000017514259,"hd":false,"ddd":0,"bm":0,"hasMask":false,"ao":0,"ks":{"a":{"a":0,"k":[653.5,653.5,0],"ix":1},"s":{"a":0,"k":[64.615,64.615,100],"ix":6},"sk":{"a":0,"k":0},"p":{"a":0,"k":[692.74,1053.257,0],"ix":2},"r":{"a":0,"k":0,"ix":10},"sa":{"a":0,"k":0},"o":{"a":0,"k":50,"ix":11}},"ef":[],"shapes":[{"ty":"gr","bm":0,"hd":false,"mn":"ADBE Vector Group","nm":"Group 1","ix":1,"cix":2,"np":2,"it":[{"ty":"sh","bm":0,"hd":false,"mn":"ADBE Vector Shape - Group","nm":"Path 1","ix":1,"d":1,"ks":{"a":0,"k":{"c":true,"i":[[0,0],[0,0],[0,0],[0,0],[0,0],[0,0]],"o":[[0,0],[0,0],[0,0],[0,0],[0,0],[0,0]],"v":[[51.551,-375.434],[-196.308,51.55],[-51.55,51.55],[-51.55,375.434],[196.309,-51.551],[51.551,-51.551]]},"ix":2}},{"ty":"fl","bm":0,"hd":false,"mn":"ADBE Vector Graphic - Fill","nm":"Fill 1","c":{"a":0,"k":[1,0.8,0],"ix":4},"r":1,"o":{"a":0,"k":100,"ix":5}},{"ty":"tr","a":{"a":0,"k":[0,0],"ix":1},"s":{"a":0,"k":[100,100],"ix":3},"sk":{"a":0,"k":0,"ix":4},"p":{"a":0,"k":[635.544,590.937],"ix":2},"r":{"a":0,"k":0,"ix":6},"sa":{"a":0,"k":0,"ix":5},"o":{"a":0,"k":100,"ix":7}}]}],"ind":8,"parent":13},{"ty":4,"nm":"cloud2 Outlines 5","sr":1,"st":0,"op":63.0000025660426,"ip":60.0000024438501,"hd":false,"ddd":0,"bm":0,"hasMask":false,"ao":0,"ks":{"a":{"a":0,"k":[653.5,596.5,0],"ix":1},"s":{"a":1,"k":[{"o":{"x":0.167,"y":0.167},"i":{"x":0.833,"y":0.833},"s":[46,46,100],"t":13},{"o":{"x":0.167,"y":0.167},"i":{"x":0.833,"y":0.833},"s":[65,65,100],"t":40},{"o":{"x":0.167,"y":0.167},"i":{"x":0.833,"y":0.833},"s":[65,65,100],"t":79},{"s":[46,46,100],"t":107.000004358199}],"ix":6},"sk":{"a":0,"k":0},"p":{"a":1,"k":[{"o":{"x":0.621,"y":0},"i":{"x":0.667,"y":1},"s":[960,1071,0],"t":0,"ti":[0,12.833,0],"to":[65.167,-12.833,0]},{"o":{"x":0.333,"y":0},"i":{"x":0.359,"y":1},"s":[1351,994,0],"t":30,"ti":[129.333,0,0],"to":[0,-12.833,0]},{"o":{"x":0.333,"y":0},"i":{"x":0.667,"y":1},"s":[960,994,0],"t":60,"ti":[0,-12.333,0],"to":[-129.333,0,0]},{"o":{"x":0.333,"y":0},"i":{"x":0.667,"y":1},"s":[575,994,0],"t":90,"ti":[-64.167,-12.333,0],"to":[0,12.333,0]},{"s":[960,1068,0],"t":120.0000048877}],"ix":2},"r":{"a":0,"k":0,"ix":10},"sa":{"a":0,"k":0},"o":{"a":0,"k":100,"ix":11}},"ef":[],"shapes":[{"ty":"gr","bm":0,"hd":false,"mn":"ADBE Vector Group","nm":"Group 1","ix":1,"cix":2,"np":3,"it":[{"ty":"sh","bm":0,"hd":false,"mn":"ADBE Vector Shape - Group","nm":"Path 2","ix":1,"d":1,"ks":{"a":0,"k":{"c":true,"i":[[34.37,-93.356],[0,0],[0,0],[11.127,0],[0,-78.711],[-0.144,-2.121],[0,0],[0,0],[0,-53.28],[-69.354,0],[-22.269,17.24],[0,0],[0,0],[-80.869,0],[-38.234,24.2],[0,0],[0,0],[-50.931,0],[-30.886,63.729],[0,0],[0,0],[-3.088,0],[0,86.34],[65.851,20.453],[0,0],[0,0],[83.515,0],[16.851,-5.959],[0,0],[0,0],[76.622,0]],"o":[[0,0],[0,0],[-11.574,-2.863],[-78.708,0],[0,2.165],[0,0],[0,0],[-50.372,17.646],[0,69.346],[27.986,0],[0,0],[0,0],[44.241,68.063],[44.927,0],[0,0],[0,0],[35.038,37.386],[70.548,0],[0,0],[0,0],[3.034,0.217],[86.349,0],[0,-69.013],[0,0],[0,0],[-1.895,-83.56],[-17.391,0],[0,0],[0,0],[-44.755,-62.664],[-99.264,0]],"v":[[-236.581,-173.12],[-237.719,-170.003],[-240.936,-170.799],[-275.152,-175.105],[-417.886,-32.368],[-417.598,-25.94],[-417.273,-20.909],[-419.919,-19.979],[-504.138,98.609],[-378.37,224.369],[-301.556,198.016],[-298.377,195.561],[-296.193,198.93],[-96.382,307.621],[30.739,270.633],[33.34,268.997],[35.418,271.229],[168.725,329.203],[333.155,225.893],[335.899,223.764],[338.392,223.936],[347.53,224.369],[504.139,67.789],[394.036,-81.784],[391.508,-82.57],[391.436,-85.234],[236.544,-236.766],[184.944,-227.792],[182.326,-226.862],[180.701,-229.125],[-13.156,-329.203]]},"ix":2}},{"ty":"mm","bm":0,"hd":false,"mn":"ADBE Vector Filter - Merge","nm":"Merge Paths 1","mm":4},{"ty":"fl","bm":0,"hd":false,"mn":"ADBE Vector Graphic - Fill","nm":"Fill 1","c":{"a":0,"k":[0.8078,0.8078,0.8078],"ix":4},"r":1,"o":{"a":0,"k":100,"ix":5}},{"ty":"tr","a":{"a":0,"k":[0,0],"ix":1},"s":{"a":0,"k":[100,100],"ix":3},"sk":{"a":0,"k":0,"ix":4},"p":{"a":0,"k":[674.803,625.448],"ix":2},"r":{"a":0,"k":0,"ix":6},"sa":{"a":0,"k":0,"ix":5},"o":{"a":0,"k":100,"ix":7}}]}],"ind":9},{"ty":4,"nm":"cloud2 Outlines 4","sr":1,"st":0,"op":57.0000023216576,"ip":55.0000022401959,"hd":false,"ddd":0,"bm":0,"hasMask":false,"ao":0,"ks":{"a":{"a":0,"k":[653.5,596.5,0],"ix":1},"s":{"a":1,"k":[{"o":{"x":0.167,"y":0.167},"i":{"x":0.833,"y":0.833},"s":[46,46,100],"t":13},{"o":{"x":0.167,"y":0.167},"i":{"x":0.833,"y":0.833},"s":[65,65,100],"t":40},{"o":{"x":0.167,"y":0.167},"i":{"x":0.833,"y":0.833},"s":[65,65,100],"t":79},{"s":[46,46,100],"t":107.000004358199}],"ix":6},"sk":{"a":0,"k":0},"p":{"a":1,"k":[{"o":{"x":0.621,"y":0},"i":{"x":0.667,"y":1},"s":[960,1071,0],"t":0,"ti":[0,12.833,0],"to":[65.167,-12.833,0]},{"o":{"x":0.333,"y":0},"i":{"x":0.359,"y":1},"s":[1351,994,0],"t":30,"ti":[129.333,0,0],"to":[0,-12.833,0]},{"o":{"x":0.333,"y":0},"i":{"x":0.667,"y":1},"s":[960,994,0],"t":60,"ti":[0,-12.333,0],"to":[-129.333,0,0]},{"o":{"x":0.333,"y":0},"i":{"x":0.667,"y":1},"s":[575,994,0],"t":90,"ti":[-64.167,-12.333,0],"to":[0,12.333,0]},{"s":[960,1068,0],"t":120.0000048877}],"ix":2},"r":{"a":0,"k":0,"ix":10},"sa":{"a":0,"k":0},"o":{"a":0,"k":100,"ix":11}},"ef":[],"shapes":[{"ty":"gr","bm":0,"hd":false,"mn":"ADBE Vector Group","nm":"Group 1","ix":1,"cix":2,"np":3,"it":[{"ty":"sh","bm":0,"hd":false,"mn":"ADBE Vector Shape - Group","nm":"Path 2","ix":1,"d":1,"ks":{"a":0,"k":{"c":true,"i":[[34.37,-93.356],[0,0],[0,0],[11.127,0],[0,-78.711],[-0.144,-2.121],[0,0],[0,0],[0,-53.28],[-69.354,0],[-22.269,17.24],[0,0],[0,0],[-80.869,0],[-38.234,24.2],[0,0],[0,0],[-50.931,0],[-30.886,63.729],[0,0],[0,0],[-3.088,0],[0,86.34],[65.851,20.453],[0,0],[0,0],[83.515,0],[16.851,-5.959],[0,0],[0,0],[76.622,0]],"o":[[0,0],[0,0],[-11.574,-2.863],[-78.708,0],[0,2.165],[0,0],[0,0],[-50.372,17.646],[0,69.346],[27.986,0],[0,0],[0,0],[44.241,68.063],[44.927,0],[0,0],[0,0],[35.038,37.386],[70.548,0],[0,0],[0,0],[3.034,0.217],[86.349,0],[0,-69.013],[0,0],[0,0],[-1.895,-83.56],[-17.391,0],[0,0],[0,0],[-44.755,-62.664],[-99.264,0]],"v":[[-236.581,-173.12],[-237.719,-170.003],[-240.936,-170.799],[-275.152,-175.105],[-417.886,-32.368],[-417.598,-25.94],[-417.273,-20.909],[-419.919,-19.979],[-504.138,98.609],[-378.37,224.369],[-301.556,198.016],[-298.377,195.561],[-296.193,198.93],[-96.382,307.621],[30.739,270.633],[33.34,268.997],[35.418,271.229],[168.725,329.203],[333.155,225.893],[335.899,223.764],[338.392,223.936],[347.53,224.369],[504.139,67.789],[394.036,-81.784],[391.508,-82.57],[391.436,-85.234],[236.544,-236.766],[184.944,-227.792],[182.326,-226.862],[180.701,-229.125],[-13.156,-329.203]]},"ix":2}},{"ty":"mm","bm":0,"hd":false,"mn":"ADBE Vector Filter - Merge","nm":"Merge Paths 1","mm":4},{"ty":"fl","bm":0,"hd":false,"mn":"ADBE Vector Graphic - Fill","nm":"Fill 1","c":{"a":0,"k":[0.8078,0.8078,0.8078],"ix":4},"r":1,"o":{"a":0,"k":100,"ix":5}},{"ty":"tr","a":{"a":0,"k":[0,0],"ix":1},"s":{"a":0,"k":[100,100],"ix":3},"sk":{"a":0,"k":0,"ix":4},"p":{"a":0,"k":[674.803,625.448],"ix":2},"r":{"a":0,"k":0,"ix":6},"sa":{"a":0,"k":0,"ix":5},"o":{"a":0,"k":100,"ix":7}}]}],"ind":10},{"ty":4,"nm":"cloud2 Outlines 3","sr":1,"st":0,"op":52.0000021180034,"ip":50.0000020365418,"hd":false,"ddd":0,"bm":0,"hasMask":false,"ao":0,"ks":{"a":{"a":0,"k":[653.5,596.5,0],"ix":1},"s":{"a":1,"k":[{"o":{"x":0.167,"y":0.167},"i":{"x":0.833,"y":0.833},"s":[46,46,100],"t":13},{"o":{"x":0.167,"y":0.167},"i":{"x":0.833,"y":0.833},"s":[65,65,100],"t":40},{"o":{"x":0.167,"y":0.167},"i":{"x":0.833,"y":0.833},"s":[65,65,100],"t":79},{"s":[46,46,100],"t":107.000004358199}],"ix":6},"sk":{"a":0,"k":0},"p":{"a":1,"k":[{"o":{"x":0.621,"y":0},"i":{"x":0.667,"y":1},"s":[960,1071,0],"t":0,"ti":[0,12.833,0],"to":[65.167,-12.833,0]},{"o":{"x":0.333,"y":0},"i":{"x":0.359,"y":1},"s":[1351,994,0],"t":30,"ti":[129.333,0,0],"to":[0,-12.833,0]},{"o":{"x":0.333,"y":0},"i":{"x":0.667,"y":1},"s":[960,994,0],"t":60,"ti":[0,-12.333,0],"to":[-129.333,0,0]},{"o":{"x":0.333,"y":0},"i":{"x":0.667,"y":1},"s":[575,994,0],"t":90,"ti":[-64.167,-12.333,0],"to":[0,12.333,0]},{"s":[960,1068,0],"t":120.0000048877}],"ix":2},"r":{"a":0,"k":0,"ix":10},"sa":{"a":0,"k":0},"o":{"a":0,"k":100,"ix":11}},"ef":[],"shapes":[{"ty":"gr","bm":0,"hd":false,"mn":"ADBE Vector Group","nm":"Group 1","ix":1,"cix":2,"np":3,"it":[{"ty":"sh","bm":0,"hd":false,"mn":"ADBE Vector Shape - Group","nm":"Path 2","ix":1,"d":1,"ks":{"a":0,"k":{"c":true,"i":[[34.37,-93.356],[0,0],[0,0],[11.127,0],[0,-78.711],[-0.144,-2.121],[0,0],[0,0],[0,-53.28],[-69.354,0],[-22.269,17.24],[0,0],[0,0],[-80.869,0],[-38.234,24.2],[0,0],[0,0],[-50.931,0],[-30.886,63.729],[0,0],[0,0],[-3.088,0],[0,86.34],[65.851,20.453],[0,0],[0,0],[83.515,0],[16.851,-5.959],[0,0],[0,0],[76.622,0]],"o":[[0,0],[0,0],[-11.574,-2.863],[-78.708,0],[0,2.165],[0,0],[0,0],[-50.372,17.646],[0,69.346],[27.986,0],[0,0],[0,0],[44.241,68.063],[44.927,0],[0,0],[0,0],[35.038,37.386],[70.548,0],[0,0],[0,0],[3.034,0.217],[86.349,0],[0,-69.013],[0,0],[0,0],[-1.895,-83.56],[-17.391,0],[0,0],[0,0],[-44.755,-62.664],[-99.264,0]],"v":[[-236.581,-173.12],[-237.719,-170.003],[-240.936,-170.799],[-275.152,-175.105],[-417.886,-32.368],[-417.598,-25.94],[-417.273,-20.909],[-419.919,-19.979],[-504.138,98.609],[-378.37,224.369],[-301.556,198.016],[-298.377,195.561],[-296.193,198.93],[-96.382,307.621],[30.739,270.633],[33.34,268.997],[35.418,271.229],[168.725,329.203],[333.155,225.893],[335.899,223.764],[338.392,223.936],[347.53,224.369],[504.139,67.789],[394.036,-81.784],[391.508,-82.57],[391.436,-85.234],[236.544,-236.766],[184.944,-227.792],[182.326,-226.862],[180.701,-229.125],[-13.156,-329.203]]},"ix":2}},{"ty":"mm","bm":0,"hd":false,"mn":"ADBE Vector Filter - Merge","nm":"Merge Paths 1","mm":4},{"ty":"fl","bm":0,"hd":false,"mn":"ADBE Vector Graphic - Fill","nm":"Fill 1","c":{"a":0,"k":[0.8078,0.8078,0.8078],"ix":4},"r":1,"o":{"a":0,"k":100,"ix":5}},{"ty":"tr","a":{"a":0,"k":[0,0],"ix":1},"s":{"a":0,"k":[100,100],"ix":3},"sk":{"a":0,"k":0,"ix":4},"p":{"a":0,"k":[674.803,625.448],"ix":2},"r":{"a":0,"k":0,"ix":6},"sa":{"a":0,"k":0,"ix":5},"o":{"a":0,"k":100,"ix":7}}]}],"ind":11},{"ty":4,"nm":"cloud2 Outlines 2","sr":1,"st":0,"op":46.0000018736184,"ip":43.0000017514259,"hd":false,"ddd":0,"bm":0,"hasMask":false,"ao":0,"ks":{"a":{"a":0,"k":[653.5,596.5,0],"ix":1},"s":{"a":1,"k":[{"o":{"x":0.167,"y":0.167},"i":{"x":0.833,"y":0.833},"s":[46,46,100],"t":13},{"o":{"x":0.167,"y":0.167},"i":{"x":0.833,"y":0.833},"s":[65,65,100],"t":40},{"o":{"x":0.167,"y":0.167},"i":{"x":0.833,"y":0.833},"s":[65,65,100],"t":79},{"s":[46,46,100],"t":107.000004358199}],"ix":6},"sk":{"a":0,"k":0},"p":{"a":1,"k":[{"o":{"x":0.621,"y":0},"i":{"x":0.667,"y":1},"s":[960,1071,0],"t":0,"ti":[0,12.833,0],"to":[65.167,-12.833,0]},{"o":{"x":0.333,"y":0},"i":{"x":0.359,"y":1},"s":[1351,994,0],"t":30,"ti":[129.333,0,0],"to":[0,-12.833,0]},{"o":{"x":0.333,"y":0},"i":{"x":0.667,"y":1},"s":[960,994,0],"t":60,"ti":[0,-12.333,0],"to":[-129.333,0,0]},{"o":{"x":0.333,"y":0},"i":{"x":0.667,"y":1},"s":[575,994,0],"t":90,"ti":[-64.167,-12.333,0],"to":[0,12.333,0]},{"s":[960,1068,0],"t":120.0000048877}],"ix":2},"r":{"a":0,"k":0,"ix":10},"sa":{"a":0,"k":0},"o":{"a":0,"k":100,"ix":11}},"ef":[],"shapes":[{"ty":"gr","bm":0,"hd":false,"mn":"ADBE Vector Group","nm":"Group 1","ix":1,"cix":2,"np":3,"it":[{"ty":"sh","bm":0,"hd":false,"mn":"ADBE Vector Shape - Group","nm":"Path 2","ix":1,"d":1,"ks":{"a":0,"k":{"c":true,"i":[[34.37,-93.356],[0,0],[0,0],[11.127,0],[0,-78.711],[-0.144,-2.121],[0,0],[0,0],[0,-53.28],[-69.354,0],[-22.269,17.24],[0,0],[0,0],[-80.869,0],[-38.234,24.2],[0,0],[0,0],[-50.931,0],[-30.886,63.729],[0,0],[0,0],[-3.088,0],[0,86.34],[65.851,20.453],[0,0],[0,0],[83.515,0],[16.851,-5.959],[0,0],[0,0],[76.622,0]],"o":[[0,0],[0,0],[-11.574,-2.863],[-78.708,0],[0,2.165],[0,0],[0,0],[-50.372,17.646],[0,69.346],[27.986,0],[0,0],[0,0],[44.241,68.063],[44.927,0],[0,0],[0,0],[35.038,37.386],[70.548,0],[0,0],[0,0],[3.034,0.217],[86.349,0],[0,-69.013],[0,0],[0,0],[-1.895,-83.56],[-17.391,0],[0,0],[0,0],[-44.755,-62.664],[-99.264,0]],"v":[[-236.581,-173.12],[-237.719,-170.003],[-240.936,-170.799],[-275.152,-175.105],[-417.886,-32.368],[-417.598,-25.94],[-417.273,-20.909],[-419.919,-19.979],[-504.138,98.609],[-378.37,224.369],[-301.556,198.016],[-298.377,195.561],[-296.193,198.93],[-96.382,307.621],[30.739,270.633],[33.34,268.997],[35.418,271.229],[168.725,329.203],[333.155,225.893],[335.899,223.764],[338.392,223.936],[347.53,224.369],[504.139,67.789],[394.036,-81.784],[391.508,-82.57],[391.436,-85.234],[236.544,-236.766],[184.944,-227.792],[182.326,-226.862],[180.701,-229.125],[-13.156,-329.203]]},"ix":2}},{"ty":"mm","bm":0,"hd":false,"mn":"ADBE Vector Filter - Merge","nm":"Merge Paths 1","mm":4},{"ty":"fl","bm":0,"hd":false,"mn":"ADBE Vector Graphic - Fill","nm":"Fill 1","c":{"a":0,"k":[0.8078,0.8078,0.8078],"ix":4},"r":1,"o":{"a":0,"k":100,"ix":5}},{"ty":"tr","a":{"a":0,"k":[0,0],"ix":1},"s":{"a":0,"k":[100,100],"ix":3},"sk":{"a":0,"k":0,"ix":4},"p":{"a":0,"k":[674.803,625.448],"ix":2},"r":{"a":0,"k":0,"ix":6},"sa":{"a":0,"k":0,"ix":5},"o":{"a":0,"k":100,"ix":7}}]}],"ind":12},{"ty":4,"nm":"cloud2 Outlines","sr":1,"st":0,"op":120.0000048877,"ip":0,"hd":false,"ddd":0,"bm":0,"hasMask":false,"ao":0,"ks":{"a":{"a":0,"k":[653.5,596.5,0],"ix":1},"s":{"a":1,"k":[{"o":{"x":0.167,"y":0.167},"i":{"x":0.833,"y":0.833},"s":[46,46,100],"t":13},{"o":{"x":0.167,"y":0.167},"i":{"x":0.833,"y":0.833},"s":[65,65,100],"t":40},{"o":{"x":0.167,"y":0.167},"i":{"x":0.833,"y":0.833},"s":[65,65,100],"t":79},{"s":[46,46,100],"t":107.000004358199}],"ix":6},"sk":{"a":0,"k":0},"p":{"a":1,"k":[{"o":{"x":0.621,"y":0},"i":{"x":0.667,"y":1},"s":[960,1071,0],"t":0,"ti":[0,12.833,0],"to":[65.167,-12.833,0]},{"o":{"x":0.333,"y":0},"i":{"x":0.359,"y":1},"s":[1351,994,0],"t":30,"ti":[129.333,0,0],"to":[0,-12.833,0]},{"o":{"x":0.333,"y":0},"i":{"x":0.667,"y":1},"s":[960,994,0],"t":60,"ti":[0,-12.333,0],"to":[-129.333,0,0]},{"o":{"x":0.333,"y":0},"i":{"x":0.667,"y":1},"s":[575,994,0],"t":90,"ti":[-64.167,-12.333,0],"to":[0,12.333,0]},{"s":[960,1068,0],"t":120.0000048877}],"ix":2},"r":{"a":0,"k":0,"ix":10},"sa":{"a":0,"k":0},"o":{"a":0,"k":100,"ix":11}},"ef":[],"shapes":[{"ty":"gr","bm":0,"hd":false,"mn":"ADBE Vector Group","nm":"Group 1","ix":1,"cix":2,"np":3,"it":[{"ty":"sh","bm":0,"hd":false,"mn":"ADBE Vector Shape - Group","nm":"Path 2","ix":1,"d":1,"ks":{"a":0,"k":{"c":true,"i":[[34.37,-93.356],[0,0],[0,0],[11.127,0],[0,-78.711],[-0.144,-2.121],[0,0],[0,0],[0,-53.28],[-69.354,0],[-22.269,17.24],[0,0],[0,0],[-80.869,0],[-38.234,24.2],[0,0],[0,0],[-50.931,0],[-30.886,63.729],[0,0],[0,0],[-3.088,0],[0,86.34],[65.851,20.453],[0,0],[0,0],[83.515,0],[16.851,-5.959],[0,0],[0,0],[76.622,0]],"o":[[0,0],[0,0],[-11.574,-2.863],[-78.708,0],[0,2.165],[0,0],[0,0],[-50.372,17.646],[0,69.346],[27.986,0],[0,0],[0,0],[44.241,68.063],[44.927,0],[0,0],[0,0],[35.038,37.386],[70.548,0],[0,0],[0,0],[3.034,0.217],[86.349,0],[0,-69.013],[0,0],[0,0],[-1.895,-83.56],[-17.391,0],[0,0],[0,0],[-44.755,-62.664],[-99.264,0]],"v":[[-236.581,-173.12],[-237.719,-170.003],[-240.936,-170.799],[-275.152,-175.105],[-417.886,-32.368],[-417.598,-25.94],[-417.273,-20.909],[-419.919,-19.979],[-504.138,98.609],[-378.37,224.369],[-301.556,198.016],[-298.377,195.561],[-296.193,198.93],[-96.382,307.621],[30.739,270.633],[33.34,268.997],[35.418,271.229],[168.725,329.203],[333.155,225.893],[335.899,223.764],[338.392,223.936],[347.53,224.369],[504.139,67.789],[394.036,-81.784],[391.508,-82.57],[391.436,-85.234],[236.544,-236.766],[184.944,-227.792],[182.326,-226.862],[180.701,-229.125],[-13.156,-329.203]]},"ix":2}},{"ty":"mm","bm":0,"hd":false,"mn":"ADBE Vector Filter - Merge","nm":"Merge Paths 1","mm":4},{"ty":"fl","bm":0,"hd":false,"mn":"ADBE Vector Graphic - Fill","nm":"Fill 1","c":{"a":0,"k":[0.502,0.502,0.502],"ix":4},"r":1,"o":{"a":0,"k":100,"ix":5}},{"ty":"tr","a":{"a":0,"k":[0,0],"ix":1},"s":{"a":0,"k":[100,100],"ix":3},"sk":{"a":0,"k":0,"ix":4},"p":{"a":0,"k":[674.803,625.448],"ix":2},"r":{"a":0,"k":0,"ix":6},"sa":{"a":0,"k":0,"ix":5},"o":{"a":0,"k":100,"ix":7}}]}],"ind":13},{"ty":4,"nm":"cloud1 Outlines 2","sr":1,"st":0,"op":90.0000036657752,"ip":30.0000012219251,"hd":false,"ddd":0,"bm":0,"hasMask":false,"ao":0,"ks":{"a":{"a":0,"k":[653.5,653.5,0],"ix":1},"s":{"a":1,"k":[{"o":{"x":0.167,"y":0.167},"i":{"x":0.833,"y":0.833},"s":[67,67,100],"t":13},{"o":{"x":0.167,"y":0.167},"i":{"x":0.833,"y":0.833},"s":[46,46,100],"t":40},{"o":{"x":0.167,"y":0.167},"i":{"x":0.833,"y":0.833},"s":[46,46,100],"t":79},{"s":[67,67,100],"t":107.000004358199}],"ix":6},"sk":{"a":0,"k":0},"p":{"a":1,"k":[{"o":{"x":0.621,"y":0},"i":{"x":0.667,"y":1},"s":[960,1074,0],"t":0,"ti":[0,12.667,0],"to":[-65.5,0,0]},{"o":{"x":0.333,"y":0},"i":{"x":0.359,"y":1},"s":[567,1074,0],"t":30,"ti":[-127.333,0,0],"to":[0,-12.667,0]},{"o":{"x":0.333,"y":0},"i":{"x":0.667,"y":1},"s":[960,998,0],"t":60,"ti":[0,-12.667,0],"to":[127.333,0,0]},{"o":{"x":0.333,"y":0},"i":{"x":0.667,"y":1},"s":[1331,1074,0],"t":90,"ti":[61.833,0,0],"to":[0,12.667,0]},{"s":[960,1074,0],"t":120.0000048877}],"ix":2},"r":{"a":0,"k":0,"ix":10},"sa":{"a":0,"k":0},"o":{"a":0,"k":100,"ix":11}},"ef":[],"shapes":[{"ty":"gr","bm":0,"hd":false,"mn":"ADBE Vector Group","nm":"Group 1","ix":1,"cix":2,"np":2,"it":[{"ty":"sh","bm":0,"hd":false,"mn":"ADBE Vector Shape - Group","nm":"Path 1","ix":1,"d":1,"ks":{"a":0,"k":{"c":true,"i":[[0,0],[0,0],[0,86.242],[-91.882,0],[-17.991,-6.313],[0,0],[0,0],[-94.627,0],[-33.591,-23.967],[0,0],[0,0],[-63.994,0],[0,-108.507],[0.195,-2.771],[0,0],[0,0],[0,-69.688],[88.079,-5.014],[0,0],[0,0]],"o":[[0,0],[-85.748,-8.281],[0,-91.882],[18.539,0],[0,0],[0,0],[17.365,-92.96],[41.034,0],[0,0],[0,0],[36.883,-52.589],[108.507,0],[0,2.824],[0,0],[0,0],[65.635,23.889],[0,88.15],[0,0],[0,0],[0,0]],"v":[[-351.402,267.575],[-353.733,266.754],[-504.138,100.944],[-337.499,-65.695],[-282.438,-56.187],[-278.457,-54.783],[-277.679,-58.933],[-84.397,-219.365],[29.68,-182.73],[32.647,-180.611],[34.739,-183.594],[195.842,-267.575],[392.62,-70.797],[392.242,-62.421],[391.87,-56.425],[394.406,-55.507],[504.138,100.944],[347.059,267.089],[343.644,267.284],[343.644,267.575]]},"ix":2}},{"ty":"fl","bm":0,"hd":false,"mn":"ADBE Vector Graphic - Fill","nm":"Fill 1","c":{"a":0,"k":[0.8,0.8,0.8],"ix":4},"r":1,"o":{"a":0,"k":100,"ix":5}},{"ty":"tr","a":{"a":0,"k":[0,0],"ix":1},"s":{"a":0,"k":[100,100],"ix":3},"sk":{"a":0,"k":0,"ix":4},"p":{"a":0,"k":[674.803,625.448],"ix":2},"r":{"a":0,"k":0,"ix":6},"sa":{"a":0,"k":0,"ix":5},"o":{"a":0,"k":100,"ix":7}}]}],"ind":14},{"ty":4,"nm":"Shape Layer 2","sr":1,"st":0,"op":90.0000036657752,"ip":30.0000012219251,"hd":false,"ddd":0,"bm":0,"hasMask":false,"ao":0,"ks":{"a":{"a":0,"k":[-204,-16,0],"ix":1},"s":{"a":1,"k":[{"o":{"x":0.333,"y":0},"i":{"x":0.667,"y":1},"s":[149.254,149.254,100],"t":30},{"o":{"x":0.333,"y":0},"i":{"x":0.667,"y":1},"s":[122.254,122.254,100],"t":60},{"s":[149.254,149.254,100],"t":90.0000036657751}],"ix":6},"sk":{"a":0,"k":0},"p":{"a":1,"k":[{"o":{"x":0.749,"y":0},"i":{"x":0.667,"y":1},"s":[349.022,459.471,0],"t":0,"ti":[0,-44.572,0],"to":[0,-29.5,0]},{"o":{"x":0.333,"y":0},"i":{"x":0.319,"y":1},"s":[349.022,282.471,0],"t":30,"ti":[0,0,0],"to":[0,44.572,0]},{"o":{"x":0.668,"y":0},"i":{"x":0.667,"y":1},"s":[349.022,726.903,0],"t":60,"ti":[0,44.572,0],"to":[0,0,0]},{"o":{"x":0.333,"y":0},"i":{"x":0.667,"y":1},"s":[349.022,282.471,0],"t":90,"ti":[0,-29.5,0],"to":[0,-44.572,0]},{"s":[349.022,459.471,0],"t":120.0000048877}],"ix":2},"r":{"a":0,"k":0,"ix":10},"sa":{"a":0,"k":0},"o":{"a":0,"k":50,"ix":11}},"ef":[],"shapes":[{"ty":"gr","bm":0,"hd":false,"mn":"ADBE Vector Group","nm":"Ellipse 1","ix":1,"cix":2,"np":3,"it":[{"ty":"el","bm":0,"hd":false,"mn":"ADBE Vector Shape - Ellipse","nm":"Ellipse Path 1","d":1,"p":{"a":0,"k":[0,0],"ix":3},"s":{"a":0,"k":[244,244],"ix":2}},{"ty":"fl","bm":0,"hd":false,"mn":"ADBE Vector Graphic - Fill","nm":"Fill 1","c":{"a":0,"k":[1,0.8471,0],"ix":4},"r":1,"o":{"a":0,"k":100,"ix":5}},{"ty":"tr","a":{"a":0,"k":[0,0],"ix":1},"s":{"a":0,"k":[100,100],"ix":3},"sk":{"a":0,"k":0,"ix":4},"p":{"a":0,"k":[-204,-16],"ix":2},"r":{"a":0,"k":0,"ix":6},"sa":{"a":0,"k":0,"ix":5},"o":{"a":0,"k":100,"ix":7}}]}],"ind":15,"parent":4}],"v":"5.5.7","fr":29.9700012207031,"op":120.0000048877,"ip":0,"assets":[]}