{"nm":"03_no","ddd":0,"h":4096,"w":4096,"meta":{"g":"LottieFiles AE 0.1.20"},"layers":[{"ty":4,"nm":"sad_mouth","sr":1,"st":0,"op":50.0000020365418,"ip":0,"hd":false,"ddd":0,"bm":0,"hasMask":false,"ao":0,"ks":{"a":{"a":0,"k":[2048,2048,0],"ix":1},"s":{"a":0,"k":[100,100,100],"ix":6},"sk":{"a":0,"k":0},"p":{"a":1,"k":[{"o":{"x":0.333,"y":0},"i":{"x":0.833,"y":0.833},"s":[2048,2048,0],"t":0,"ti":[-28.667,0,0],"to":[-35.167,0,0]},{"o":{"x":0.333,"y":0},"i":{"x":0.833,"y":0.833},"s":[1837,2048,0],"t":5,"ti":[0,0,0],"to":[28.667,0,0]},{"o":{"x":0.333,"y":0},"i":{"x":0.833,"y":0.833},"s":[2220,2048,0],"t":13,"ti":[0,0,0],"to":[0,0,0]},{"o":{"x":0.333,"y":0},"i":{"x":0.833,"y":0.833},"s":[1837,2048,0],"t":22,"ti":[-35.167,0,0],"to":[0,0,0]},{"o":{"x":0.333,"y":0},"i":{"x":0.833,"y":0.833},"s":[2220,2048,0],"t":31,"ti":[28.667,0,0],"to":[35.167,0,0]},{"s":[2048,2048,0],"t":37.0000015070409}],"ix":2},"r":{"a":0,"k":0,"ix":10},"sa":{"a":0,"k":0},"o":{"a":0,"k":100,"ix":11}},"ef":[],"shapes":[{"ty":"gr","bm":0,"hd":false,"mn":"ADBE Vector Group","nm":"Group 1","ix":1,"cix":2,"np":2,"it":[{"ty":"sh","bm":0,"hd":false,"mn":"ADBE Vector Shape - Group","nm":"Path 1","ix":1,"d":1,"ks":{"a":0,"k":{"c":true,"i":[[34.707,22.608],[118.496,15.911],[37.958,-0.416],[37.348,-5.016],[106.79,-69.567],[-22.61,-34.707],[-24.511,-0.001],[-12.638,8.233],[-1.02,0.659],[0,0],[0,0],[-137.439,30.288],[-45.173,0.668],[-46.389,-10.224],[-0.911,-0.633],[0,0],[0,0],[-1.019,-0.664],[-14.036,0.001],[-14.376,22.069]],"o":[[-106.79,-69.567],[-37.347,-5.016],[-37.958,-0.416],[-118.496,15.911],[-34.707,22.608],[14.376,22.069],[14.036,0.001],[1.019,-0.664],[0,0],[0,0],[0.911,-0.633],[46.389,-10.224],[45.174,0.668],[137.439,30.288],[0,0],[0,0],[1.02,0.659],[12.638,8.233],[24.511,-0.001],[22.61,-34.707]],"v":[[452.557,-0.866],[113.041,-129.686],[0,-136.57],[-113.041,-129.686],[-452.556,-0.866],[-474.46,102.913],[-411.548,136.985],[-370.681,124.818],[-367.62,122.847],[-367.296,123.308],[-367.492,123.446],[-137.383,29.58],[0,13.263],[137.384,29.58],[367.492,123.446],[367.297,123.308],[367.621,122.847],[370.682,124.818],[411.549,136.985],[474.46,102.913]]},"ix":2}},{"ty":"fl","bm":0,"hd":false,"mn":"ADBE Vector Graphic - Fill","nm":"Fill 1","c":{"a":0,"k":[0.2392,0.2392,0.3333],"ix":4},"r":1,"o":{"a":0,"k":100,"ix":5}},{"ty":"tr","a":{"a":0,"k":[0,0],"ix":1},"s":{"a":0,"k":[100,100],"ix":3},"sk":{"a":0,"k":0,"ix":4},"p":{"a":0,"k":[2068.243,2104.652],"ix":2},"r":{"a":0,"k":0,"ix":6},"sa":{"a":0,"k":0,"ix":5},"o":{"a":0,"k":100,"ix":7}}]}],"ind":1},{"ty":4,"nm":"eyes","sr":1,"st":0,"op":50.0000020365418,"ip":0,"hd":false,"ddd":0,"bm":0,"hasMask":false,"ao":0,"ks":{"a":{"a":0,"k":[2048,2048,0],"ix":1},"s":{"a":0,"k":[100,100,100],"ix":6},"sk":{"a":0,"k":0},"p":{"a":1,"k":[{"o":{"x":0.333,"y":0},"i":{"x":0.833,"y":0.833},"s":[2048,2048,0],"t":0,"ti":[-28.667,0,0],"to":[-35.167,0,0]},{"o":{"x":0.333,"y":0},"i":{"x":0.833,"y":0.833},"s":[1837,2048,0],"t":5,"ti":[0,0,0],"to":[28.667,0,0]},{"o":{"x":0.333,"y":0},"i":{"x":0.833,"y":0.833},"s":[2220,2048,0],"t":13,"ti":[0,0,0],"to":[0,0,0]},{"o":{"x":0.333,"y":0},"i":{"x":0.833,"y":0.833},"s":[1837,2048,0],"t":22,"ti":[-35.167,0,0],"to":[0,0,0]},{"o":{"x":0.333,"y":0},"i":{"x":0.833,"y":0.833},"s":[2220,2048,0],"t":31,"ti":[28.667,0,0],"to":[35.167,0,0]},{"s":[2048,2048,0],"t":37.0000015070409}],"ix":2},"r":{"a":0,"k":0,"ix":10},"sa":{"a":0,"k":0},"o":{"a":0,"k":100,"ix":11}},"ef":[],"shapes":[{"ty":"gr","bm":0,"hd":false,"mn":"ADBE Vector Group","nm":"Group 1","ix":1,"cix":2,"np":2,"it":[{"ty":"sh","bm":0,"hd":false,"mn":"ADBE Vector Shape - Group","nm":"Path 1","ix":1,"d":1,"ks":{"a":0,"k":{"c":true,"i":[[0,-118.618],[118.618,0],[0,118.618],[-118.618,0]],"o":[[0,118.618],[-118.618,0],[0,-118.618],[118.618,0]],"v":[[214.777,0],[0,214.777],[-214.777,0],[0,-214.777]]},"ix":2}},{"ty":"fl","bm":0,"hd":false,"mn":"ADBE Vector Graphic - Fill","nm":"Fill 1","c":{"a":0,"k":[0.2392,0.2392,0.3333],"ix":4},"r":1,"o":{"a":0,"k":100,"ix":5}},{"ty":"tr","a":{"a":0,"k":[0,0],"ix":1},"s":{"a":0,"k":[100,100],"ix":3},"sk":{"a":0,"k":0,"ix":4},"p":{"a":0,"k":[2806.446,1521.037],"ix":2},"r":{"a":0,"k":0,"ix":6},"sa":{"a":0,"k":0,"ix":5},"o":{"a":0,"k":100,"ix":7}}]},{"ty":"gr","bm":0,"hd":false,"mn":"ADBE Vector Group","nm":"Group 2","ix":2,"cix":2,"np":2,"it":[{"ty":"sh","bm":0,"hd":false,"mn":"ADBE Vector Shape - Group","nm":"Path 1","ix":1,"d":1,"ks":{"a":0,"k":{"c":true,"i":[[0,-118.618],[118.618,0],[0,118.618],[-118.618,0]],"o":[[0,118.618],[-118.618,0],[0,-118.618],[118.618,0]],"v":[[214.777,0],[0,214.777],[-214.777,0],[0,-214.777]]},"ix":2}},{"ty":"fl","bm":0,"hd":false,"mn":"ADBE Vector Graphic - Fill","nm":"Fill 1","c":{"a":0,"k":[0.2392,0.2392,0.3333],"ix":4},"r":1,"o":{"a":0,"k":100,"ix":5}},{"ty":"tr","a":{"a":0,"k":[0,0],"ix":1},"s":{"a":0,"k":[100,100],"ix":3},"sk":{"a":0,"k":0,"ix":4},"p":{"a":0,"k":[1342.782,1521.037],"ix":2},"r":{"a":0,"k":0,"ix":6},"sa":{"a":0,"k":0,"ix":5},"o":{"a":0,"k":100,"ix":7}}]}],"ind":2},{"ty":4,"nm":"head_fushing","sr":1,"st":0,"op":50.0000020365418,"ip":0,"hd":false,"ddd":0,"bm":0,"hasMask":false,"ao":0,"ks":{"a":{"a":0,"k":[2048,2048,0],"ix":1},"s":{"a":0,"k":[100,100,100],"ix":6},"sk":{"a":0,"k":0},"p":{"a":1,"k":[{"o":{"x":0.333,"y":0},"i":{"x":0.833,"y":0.833},"s":[2048,2196,0],"t":0,"ti":[-28.667,0,0],"to":[-35.167,0,0]},{"o":{"x":0.333,"y":0},"i":{"x":0.833,"y":0.833},"s":[1837,2196,0],"t":5,"ti":[0,0,0],"to":[28.667,0,0]},{"o":{"x":0.333,"y":0},"i":{"x":0.833,"y":0.833},"s":[2220,2196,0],"t":13,"ti":[0,0,0],"to":[0,0,0]},{"o":{"x":0.333,"y":0},"i":{"x":0.833,"y":0.833},"s":[1837,2196,0],"t":22,"ti":[-35.167,0,0],"to":[0,0,0]},{"o":{"x":0.333,"y":0},"i":{"x":0.833,"y":0.833},"s":[2220,2196,0],"t":31,"ti":[28.667,0,0],"to":[35.167,0,0]},{"s":[2048,2196,0],"t":37.0000015070409}],"ix":2},"r":{"a":0,"k":0,"ix":10},"sa":{"a":0,"k":0},"o":{"a":0,"k":100,"ix":11}},"ef":[],"shapes":[{"ty":"gr","bm":0,"hd":false,"mn":"ADBE Vector Group","nm":"Group 1","ix":1,"cix":2,"np":2,"it":[{"ty":"sh","bm":0,"hd":false,"mn":"ADBE Vector Shape - Group","nm":"Path 1","ix":1,"d":1,"ks":{"a":0,"k":{"c":true,"i":[[0,-118.618],[118.618,0],[0,118.618],[-118.618,0]],"o":[[0,118.618],[-118.618,0],[0,-118.618],[118.618,0]],"v":[[214.777,0],[0,214.777],[-214.777,0],[0,-214.777]]},"ix":2}},{"ty":"fl","bm":0,"hd":false,"mn":"ADBE Vector Graphic - Fill","nm":"Fill 1","c":{"a":0,"k":[0.7961,0.7608,0.7529],"ix":4},"r":1,"o":{"a":0,"k":100,"ix":5}},{"ty":"tr","a":{"a":0,"k":[0,0],"ix":1},"s":{"a":0,"k":[100,100],"ix":3},"sk":{"a":0,"k":0,"ix":4},"p":{"a":0,"k":[3405.037,2095.727],"ix":2},"r":{"a":0,"k":0,"ix":6},"sa":{"a":0,"k":0,"ix":5},"o":{"a":0,"k":100,"ix":7}}]},{"ty":"gr","bm":0,"hd":false,"mn":"ADBE Vector Group","nm":"Group 2","ix":2,"cix":2,"np":2,"it":[{"ty":"sh","bm":0,"hd":false,"mn":"ADBE Vector Shape - Group","nm":"Path 1","ix":1,"d":1,"ks":{"a":0,"k":{"c":true,"i":[[0,-118.618],[118.618,0],[0,118.618],[-118.618,0]],"o":[[0,118.618],[-118.618,0],[0,-118.618],[118.618,0]],"v":[[214.777,0],[0,214.777],[-214.777,0],[0,-214.777]]},"ix":2}},{"ty":"fl","bm":0,"hd":false,"mn":"ADBE Vector Graphic - Fill","nm":"Fill 1","c":{"a":0,"k":[0.7961,0.7608,0.7529],"ix":4},"r":1,"o":{"a":0,"k":100,"ix":5}},{"ty":"tr","a":{"a":0,"k":[0,0],"ix":1},"s":{"a":0,"k":[100,100],"ix":3},"sk":{"a":0,"k":0,"ix":4},"p":{"a":0,"k":[744.191,2095.727],"ix":2},"r":{"a":0,"k":0,"ix":6},"sa":{"a":0,"k":0,"ix":5},"o":{"a":0,"k":100,"ix":7}}]}],"ind":3},{"ty":4,"nm":"head_highlight","sr":1,"st":0,"op":50.0000020365418,"ip":0,"hd":false,"ddd":0,"bm":0,"hasMask":false,"ao":0,"ks":{"a":{"a":0,"k":[2048,2048,0],"ix":1},"s":{"a":0,"k":[100,100,100],"ix":6},"sk":{"a":0,"k":0},"p":{"a":0,"k":[2048,2048,0],"ix":2},"r":{"a":1,"k":[{"o":{"x":0.333,"y":0},"i":{"x":0.833,"y":0.833},"s":[0],"t":0},{"o":{"x":0.333,"y":0},"i":{"x":0.833,"y":0.833},"s":[-13],"t":5},{"o":{"x":0.333,"y":0},"i":{"x":0.833,"y":0.833},"s":[13],"t":13},{"o":{"x":0.333,"y":0},"i":{"x":0.833,"y":0.833},"s":[-13],"t":22},{"o":{"x":0.333,"y":0},"i":{"x":0.833,"y":0.833},"s":[13],"t":31},{"s":[0],"t":37.0000015070409}],"ix":10},"sa":{"a":0,"k":0},"o":{"a":0,"k":100,"ix":11}},"ef":[],"shapes":[{"ty":"gr","bm":0,"hd":false,"mn":"ADBE Vector Group","nm":"Group 1","ix":1,"cix":2,"np":4,"it":[{"ty":"sh","bm":0,"hd":false,"mn":"ADBE Vector Shape - Group","nm":"Path 1","ix":1,"d":1,"ks":{"a":0,"k":{"c":true,"i":[[5.85,0],[8.274,32.394],[-38.313,9.788],[-69.682,8.623],[-4.871,-39.245],[39.246,-4.871],[62.154,-15.847]],"o":[[-31.951,0],[-9.764,-38.313],[67.98,-17.339],[39.175,-4.894],[4.847,39.222],[-63.692,7.877],[-5.919,1.515]],"v":[[424.765,-329.868],[355.432,-383.794],[407.122,-470.862],[614.583,-509.99],[694.424,-447.719],[632.153,-367.877],[442.5,-332.104]]},"ix":2}},{"ty":"sh","bm":0,"hd":false,"mn":"ADBE Vector Shape - Group","nm":"Path 2","ix":2,"d":1,"ks":{"a":0,"k":{"c":true,"i":[[26.358,0],[10.231,5.057],[-17.549,35.447],[-308.065,163.856],[-18.551,-34.887],[34.911,-18.574],[141.623,-285.903]],"o":[[-10.674,0],[-35.423,-17.548],[154.79,-312.47],[35.027,-18.597],[18.574,34.911],[-281.871,149.92],[-12.492,25.215]],"v":[[-617.611,514.885],[-649.352,507.427],[-681.723,411.48],[36.041,-327.188],[132.872,-297.614],[103.298,-200.782],[-553.406,475.056]]},"ix":2}},{"ty":"mm","bm":0,"hd":false,"mn":"ADBE Vector Filter - Merge","nm":"Merge Paths 1","mm":1},{"ty":"fl","bm":0,"hd":false,"mn":"ADBE Vector Graphic - Fill","nm":"Fill 1","c":{"a":0,"k":[1,1,1],"ix":4},"r":1,"o":{"a":0,"k":100,"ix":5}},{"ty":"tr","a":{"a":0,"k":[0,0],"ix":1},"s":{"a":0,"k":[100,100],"ix":3},"sk":{"a":0,"k":0,"ix":4},"p":{"a":0,"k":[1125.365,870.057],"ix":2},"r":{"a":0,"k":0,"ix":6},"sa":{"a":0,"k":0,"ix":5},"o":{"a":0,"k":100,"ix":7}}]}],"ind":4},{"ty":4,"nm":"head_stroke","sr":1,"st":0,"op":50.0000020365418,"ip":0,"hd":false,"ddd":0,"bm":0,"hasMask":false,"ao":0,"ks":{"a":{"a":0,"k":[2048,2048,0],"ix":1},"s":{"a":0,"k":[100,100,100],"ix":6},"sk":{"a":0,"k":0},"p":{"a":0,"k":[2048,2048,0],"ix":2},"r":{"a":0,"k":0,"ix":10},"sa":{"a":0,"k":0},"o":{"a":0,"k":100,"ix":11}},"ef":[],"shapes":[{"ty":"gr","bm":0,"hd":false,"mn":"ADBE Vector Group","nm":"Group 1","ix":1,"cix":2,"np":4,"it":[{"ty":"sh","bm":0,"hd":false,"mn":"ADBE Vector Shape - Group","nm":"Path 1","ix":1,"d":1,"ks":{"a":0,"k":{"c":true,"i":[[1122.876,0],[0,-1122.876],[-1122.876,0],[0,1122.877]],"o":[[-1122.876,0],[0,1122.877],[1122.876,0],[0,-1122.876]],"v":[[0.003,-2036.403],[-2036.403,-0.003],[0.003,2036.404],[2036.403,-0.003]]},"ix":2}},{"ty":"sh","bm":0,"hd":false,"mn":"ADBE Vector Shape - Group","nm":"Path 2","ix":2,"d":1,"ks":{"a":0,"k":{"c":true,"i":[[-1019.24,0],[0,-1019.234],[1019.234,0],[0,1019.241]],"o":[[1019.234,0],[0,1019.241],[-1019.24,0],[0,-1019.234]],"v":[[0.003,-1845.49],[1845.491,-0.003],[0.003,1845.491],[-1845.491,-0.003]]},"ix":2}},{"ty":"mm","bm":0,"hd":false,"mn":"ADBE Vector Filter - Merge","nm":"Merge Paths 1","mm":1},{"ty":"fl","bm":0,"hd":false,"mn":"ADBE Vector Graphic - Fill","nm":"Fill 1","c":{"a":0,"k":[0.2471,0.6078,0.3882],"ix":4},"r":1,"o":{"a":0,"k":100,"ix":5}},{"ty":"tr","a":{"a":0,"k":[0,0],"ix":1},"s":{"a":0,"k":[100,100],"ix":3},"sk":{"a":0,"k":0,"ix":4},"p":{"a":0,"k":[2058.597,2055.597],"ix":2},"r":{"a":0,"k":0,"ix":6},"sa":{"a":0,"k":0,"ix":5},"o":{"a":0,"k":100,"ix":7}}]}],"ind":5},{"ty":4,"nm":"head_shadow","sr":1,"st":0,"op":50.0000020365418,"ip":0,"hd":false,"ddd":0,"bm":0,"hasMask":false,"ao":0,"ks":{"a":{"a":0,"k":[2048,2048,0],"ix":1},"s":{"a":1,"k":[{"o":{"x":0.167,"y":0.167},"i":{"x":0.833,"y":0.833},"s":[106.504,100,100],"t":0},{"o":{"x":0.167,"y":0.167},"i":{"x":0.833,"y":0.833},"s":[99.301,100,100],"t":5},{"s":[104.478,100,100],"t":13.0000005295009}],"ix":6},"sk":{"a":0,"k":0},"p":{"a":0,"k":[2048,2048,0],"ix":2},"r":{"a":1,"k":[{"o":{"x":0.333,"y":0},"i":{"x":0.833,"y":0.833},"s":[0],"t":0},{"o":{"x":0.333,"y":0},"i":{"x":0.833,"y":0.833},"s":[-13],"t":5},{"o":{"x":0.333,"y":0},"i":{"x":0.833,"y":0.833},"s":[13],"t":13},{"o":{"x":0.333,"y":0},"i":{"x":0.833,"y":0.833},"s":[-13],"t":22},{"o":{"x":0.333,"y":0},"i":{"x":0.833,"y":0.833},"s":[13],"t":31},{"s":[0],"t":37.0000015070409}],"ix":10},"sa":{"a":0,"k":0},"o":{"a":0,"k":100,"ix":11}},"ef":[],"shapes":[{"ty":"gr","bm":0,"hd":false,"mn":"ADBE Vector Group","nm":"Group 1","ix":1,"cix":2,"np":2,"it":[{"ty":"sh","bm":0,"hd":false,"mn":"ADBE Vector Shape - Group","nm":"Path 1","ix":1,"d":1,"ks":{"a":1,"k":[{"o":{"x":0.333,"y":0},"i":{"x":0.833,"y":0.833},"s":[{"c":true,"i":[[1035.351,0],[59.846,-5.759],[0,-973.993],[950.016,-91.461],[-61.355,0],[0,1035.35]],"o":[[-61.355,0],[950.016,91.461],[0,973.989],[59.846,5.765],[1035.351,0],[0,-1035.346]],"v":[[-846.427,-1874.658],[-1028.238,-1865.733],[716.503,-19.823],[-1028.238,1865.734],[-846.427,1874.658],[1028.238,0.001]]}],"t":0},{"o":{"x":0.333,"y":0},"i":{"x":0.833,"y":0.833},"s":[{"c":true,"i":[[1035.351,0],[59.846,-5.759],[0,-973.994],[950.016,-91.461],[-61.355,0],[0,1035.35]],"o":[[-61.355,0],[950.016,91.461],[0,973.989],[59.846,5.765],[1035.351,0],[0,-1035.346]],"v":[[-846.427,-1874.658],[-1028.238,-1865.733],[618.681,-25.829],[-1028.238,1865.734],[-846.427,1874.658],[1028.238,0.001]]}],"t":5},{"o":{"x":0.333,"y":0},"i":{"x":0.833,"y":0.833},"s":[{"c":true,"i":[[1035.351,0],[59.846,-5.759],[0,-973.994],[950.016,-91.461],[-61.355,0],[0,1035.35]],"o":[[-61.355,0],[950.016,91.461],[0,973.99],[59.846,5.765],[1035.351,0],[0,-1035.346]],"v":[[-846.427,-1874.658],[-1028.238,-1865.733],[840.786,-87.611],[-1028.238,1865.734],[-846.427,1874.658],[1028.238,0.001]]}],"t":13},{"o":{"x":0.333,"y":0},"i":{"x":0.833,"y":0.833},"s":[{"c":true,"i":[[1035.351,0],[59.846,-5.759],[0,-973.994],[950.016,-91.461],[-61.355,0],[0,1035.35]],"o":[[-61.355,0],[950.016,91.461],[0,973.989],[59.846,5.765],[1035.351,0],[0,-1035.346]],"v":[[-846.427,-1874.658],[-1028.238,-1865.733],[618.681,-25.829],[-1028.238,1865.734],[-846.427,1874.658],[1028.238,0.001]]}],"t":22},{"o":{"x":0.333,"y":0},"i":{"x":0.833,"y":0.833},"s":[{"c":true,"i":[[1035.351,0],[59.846,-5.759],[0,-973.994],[950.016,-91.461],[-61.355,0],[0,1035.35]],"o":[[-61.355,0],[950.016,91.461],[0,973.99],[59.846,5.765],[1035.351,0],[0,-1035.346]],"v":[[-846.427,-1874.658],[-1028.238,-1865.733],[840.786,-87.611],[-1028.238,1865.734],[-846.427,1874.658],[1028.238,0.001]]}],"t":31},{"s":[{"c":true,"i":[[1035.351,0],[59.846,-5.759],[0,-973.993],[950.016,-91.461],[-61.355,0],[0,1035.35]],"o":[[-61.355,0],[950.016,91.461],[0,973.989],[59.846,5.765],[1035.351,0],[0,-1035.346]],"v":[[-846.427,-1874.658],[-1028.238,-1865.733],[716.503,-19.823],[-1028.238,1865.734],[-846.427,1874.658],[1028.238,0.001]]}],"t":37.0000015070409}],"ix":2}},{"ty":"fl","bm":0,"hd":false,"mn":"ADBE Vector Graphic - Fill","nm":"Fill 1","c":{"a":0,"k":[0.4824,0.8275,0.5529],"ix":4},"r":1,"o":{"a":0,"k":100,"ix":5}},{"ty":"tr","a":{"a":0,"k":[0,0],"ix":1},"s":{"a":0,"k":[100,100],"ix":3},"sk":{"a":0,"k":0,"ix":4},"p":{"a":0,"k":[2907.805,2059.571],"ix":2},"r":{"a":0,"k":0,"ix":6},"sa":{"a":0,"k":0,"ix":5},"o":{"a":0,"k":100,"ix":7}}]}],"ind":6},{"ty":4,"nm":"head_body","sr":1,"st":0,"op":50.0000020365418,"ip":0,"hd":false,"ddd":0,"bm":0,"hasMask":false,"ao":0,"ks":{"a":{"a":0,"k":[2048,2048,0],"ix":1},"s":{"a":0,"k":[100,100,100],"ix":6},"sk":{"a":0,"k":0},"p":{"a":0,"k":[2048,2048,0],"ix":2},"r":{"a":0,"k":0,"ix":10},"sa":{"a":0,"k":0},"o":{"a":0,"k":100,"ix":11}},"ef":[],"shapes":[{"ty":"gr","bm":0,"hd":false,"mn":"ADBE Vector Group","nm":"Group 1","ix":1,"cix":2,"np":2,"it":[{"ty":"sh","bm":0,"hd":false,"mn":"ADBE Vector Shape - Group","nm":"Path 1","ix":1,"d":1,"ks":{"a":0,"k":{"c":true,"i":[[1034.628,0],[0,1034.65],[-1034.65,0],[0,-1034.628]],"o":[[-1034.65,0],[0,-1034.628],[1034.628,0],[0,1034.65]],"v":[[0.011,1876.391],[-1876.391,-0.011],[0.011,-1876.39],[1876.39,-0.011]]},"ix":2}},{"ty":"fl","bm":0,"hd":false,"mn":"ADBE Vector Graphic - Fill","nm":"Fill 1","c":{"a":0,"k":[0.3412,0.9686,0.6353],"ix":4},"r":1,"o":{"a":0,"k":100,"ix":5}},{"ty":"tr","a":{"a":0,"k":[0,0],"ix":1},"s":{"a":0,"k":[100,100],"ix":3},"sk":{"a":0,"k":0,"ix":4},"p":{"a":0,"k":[2058.594,2055.6],"ix":2},"r":{"a":0,"k":0,"ix":6},"sa":{"a":0,"k":0,"ix":5},"o":{"a":0,"k":100,"ix":7}}]}],"ind":7}],"v":"5.5.7","fr":29.9700012207031,"op":50.0000020365418,"ip":0,"assets":[]}