{
  "project_info": {
    "project_number": "657169444367",
    "project_id": "stuacconmoreapp",
    "storage_bucket": "stuacconmoreapp.firebasestorage.app"
  },
  "client": [
    {
      "client_info": {
        "mobilesdk_app_id": "1:657169444367:android:f3966c344b0f2406cf3d7a",
        "android_client_info": {
          "package_name": "com.example.stuacco_n_more_app"
        }
      },
      "oauth_client": [],
      "api_key": [
        {
          "current_key": "AIzaSyCOWgxIpHe44nD6wQv1jbMXLDSXlsaCAnQ"
        }
      ],
      "services": {
        "appinvite_service": {
          "other_platform_oauth_client": []
        }
      }
    }
  ],
  "configuration_version": "1"
}